{"data": {
    "所有商品": [
      {
        "created": "2023-04-30T06:19:17.000+00:00",
        "updated": null,
        "id": 1,
        "goodsName": "创意家居生活用品",
        "price": 18.5,
        "goodsContent": "品牌: 小凡家居风格: 时尚包装种类:",
        "goodsTag": "家居",
        "picture": "https://tanhua-zxm.oss-cn-hangzhou.aliyuncs.com/%E5%B0%8F%E7%BA%A2%E4%B9%A6/%E5%95%86%E5%93%81/%E6%8E%A8%E8%8D%90/1/O1CN0160sQnm23r793wD3S8_%21%21267817308.jpg",
        "deleted": 0
      },
      {
        "created": "2023-04-30T06:19:20.000+00:00",
        "updated": null,
        "id": 2,
        "goodsName": "德古德训鞋",
        "price": 200,
        "goodsContent": "品牌: Lidaren Produced闭合方式: 系带尺码: 34 35 36 37 38 39 40 41 42图案: 拼色风格: 韩版流行元素: 交叉绑带 拼色后跟高: 平跟颜色分类: 白色 真皮白 白色（厚底） 真皮白（厚底）货号: 1926-1上市年份季节",
        "goodsTag": "家居",
        "picture": "https://tanhua-zxm.oss-cn-hangzhou.aliyuncs.com/%E5%B0%8F%E7%BA%A2%E4%B9%A6/%E5%95%86%E5%93%81/%E6%8E%A8%E8%8D%90/1%20-%20%E5%89%AF%E6%9C%AC/O1CN01NVGvsc2AORhBr9xI0_%21%21127138193.jpg",
        "deleted": 0
      },
      {
        "created": "2023-04-30T06:19:22.000+00:00",
        "updated": null,
        "id": 3,
        "goodsName": "德训鞋女款小众复古奶茶阿甘鞋小白鞋",
        "price": 87.9,
        "goodsContent": "日常跟底款式: 平底鞋底材质: 橡胶内里材质: 超细纤维适用对象: 青年开口深度: 浅口鞋制作工艺: 胶粘鞋款式: 德训鞋帮面材质: 二层牛皮（除牛反绒）",
        "goodsTag": "家居",
        "picture": "https://tanhua-zxm.oss-cn-hangzhou.aliyuncs.com/%E5%B0%8F%E7%BA%A2%E4%B9%A6/%E5%95%86%E5%93%81/%E6%8E%A8%E8%8D%90/1%20-%20%E5%89%AF%E6%9C%AC%20%282%29/O1CN01VgnYNI1c6PFEHC7aE_%21%21876273551.jpg",
        "deleted": 0
      },
      {
        "created": "2023-04-30T06:19:24.000+00:00",
        "updated": null,
        "id": 4,
        "goodsName": "舍涂Shetu小众三原康裕骨头溶解鞋",
        "price": 178,
        "goodsContent": "品牌: 舍涂功能: 增高闭合方式: 系带尺码: 35女码（现货） 36女码（现货） 37女码（现货 修面皮鞋制作工艺: 胶粘鞋鞋面材质: 二层牛皮（除牛反绒）鞋垫材质: 头层猪皮款式: 板鞋销售渠道类型: 纯电商(只在线上销售)",
        "goodsTag": "家居",
        "picture": "https://tanhua-zxm.oss-cn-hangzhou.aliyuncs.com/%E5%B0%8F%E7%BA%A2%E4%B9%A6/%E5%95%86%E5%93%81/%E6%8E%A8%E8%8D%90/1%20-%20%E5%89%AF%E6%9C%AC%20%283%29/O1CN017sHkIQ2A6aEFmxroN_%21%21677978154.jpg",
        "deleted": 0
      },
      {
        "created": "2023-04-30T06:19:28.000+00:00",
        "updated": null,
        "id": 5,
        "goodsName": "冬季真皮马丁靴男切尔西靴子",
        "price": 583,
        "goodsContent": "品牌: other/其他功能: 耐磨闭合方式: 系带尺码: 38 39 40 41 42 43 44风格: 厚底鞋底材质: 橡胶鞋面内里材质: 二层猪皮适用对象: 青年（18-40周岁）真皮材质工艺: 磨砂皮鞋面材质: 头层猪皮鞋垫材质: 头层猪皮款式: 马丁靴靴筒材质: 头层猪皮靴筒内里材质: 头层猪皮",
        "goodsTag": "家居",
        "picture": "https://tanhua-zxm.oss-cn-hangzhou.aliyuncs.com/%E5%B0%8F%E7%BA%A2%E4%B9%A6/%E5%95%86%E5%93%81/%E6%8E%A8%E8%8D%90/1%20-%20%E5%89%AF%E6%9C%AC%20%284%29/O1CN01p46qH51OA9mG1lHA6_%21%212259221664.jpg",
        "deleted": 0
      },
      {
        "created": "2023-04-30T06:19:32.000+00:00",
        "updated": null,
        "id": 6,
        "goodsName": "Midea/美的大1.5匹p空调",
        "price": 3399,
        "goodsContent": "CCC证书编号: 2020010703276793空调品牌: Midea/美的美的空调型号: KFR-35GW/功能: 除菌空调功率: 大1.5匹售后服务: ",
        "goodsTag": "家居",
        "picture": "https://tanhua-zxm.oss-cn-hangzhou.aliyuncs.com/%E5%B0%8F%E7%BA%A2%E4%B9%A6/%E5%95%86%E5%93%81/%E6%8E%A8%E8%8D%90/1%20-%20%E5%89%AF%E6%9C%AC%20%285%29/O1CN01ruQZwz1rUQBFTvXFY_%21%212210852105634.jpg",
        "deleted": 0
      },
      {
        "created": "2023-04-30T06:19:34.000+00:00",
        "updated": null,
        "id": 7,
        "goodsName": "新品国行Dyson戴森吹风机",
        "price": 2840,
        "goodsContent": "产品名称: dyson/戴森 HD08电吹风品牌: dyson/戴森型号: HD08功能: 冷热风 护发售后服务: 全国联保产地:",
        "goodsTag": "家居",
        "picture": "https://tanhua-zxm.oss-cn-hangzhou.aliyuncs.com/%E5%B0%8F%E7%BA%A2%E4%B9%A6/%E5%95%86%E5%93%81/%E6%8E%A8%E8%8D%90/1%20-%20%E5%89%AF%E6%9C%AC%20%286%29/O1CN01cYLzTh1caAvEl5B11_%21%211777573616.jpg",
        "deleted": 0
      },
      {
        "created": "2023-04-30T06:19:35.000+00:00",
        "updated": null,
        "id": 8,
        "goodsName": "家居家义乌商贸城小商品小百货",
        "price": 0.88,
        "goodsContent": "：包装种类: 其他颜色分类: 薄款 厚款适用对象: 其他礼品类别: 其他礼品",
        "goodsTag": "家居",
        "picture": "https://tanhua-zxm.oss-cn-hangzhou.aliyuncs.com/%E5%B0%8F%E7%BA%A2%E4%B9%A6/%E5%95%86%E5%93%81/%E6%8E%A8%E8%8D%90/1%20-%20%E5%89%AF%E6%9C%AC%20%287%29/O1CN014nTnRg26qbQWlLWvQ_%21%211712577713.jpg",
        "deleted": 0
      },
      {
        "created": "2023-04-30T06:19:36.000+00:00",
        "updated": null,
        "id": 9,
        "goodsName": "创意居家居厨房用品用具小百货家用大全",
        "price": 8.8,
        "goodsContent": "包装种类: 其他颜色分类: 橘红 咖啡 藏青礼品类别: 其他礼品",
        "goodsTag": "家居",
        "picture": "https://tanhua-zxm.oss-cn-hangzhou.aliyuncs.com/%E5%B0%8F%E7%BA%A2%E4%B9%A6/%E5%95%86%E5%93%81/%E6%8E%A8%E8%8D%90/1%20-%20%E5%89%AF%E6%9C%AC%20%288%29/O1CN019p9OXW25IshdpAh51_%21%211660857504.jpg",
        "deleted": 0
      },
      {
        "created": "2023-04-30T06:19:36.000+00:00",
        "updated": null,
        "id": 10,
        "goodsName": "日本进口MUJIΕ家居厨房用品用具小百货",
        "price": 75,
        "goodsContent": "品牌: MUJIE/慕杰包装种类: 其他颜色分类: 轻奢蓝 轻奢白",
        "goodsTag": "家居",
        "picture": "https://tanhua-zxm.oss-cn-hangzhou.aliyuncs.com/%E5%B0%8F%E7%BA%A2%E4%B9%A6/%E5%95%86%E5%93%81/%E6%8E%A8%E8%8D%90/1%20-%20%E5%89%AF%E6%9C%AC%20%289%29/O1CN011bNU8X2GVfgP5OhjX_%21%212200567069021.jpg",
        "deleted": 0
      },
      {
        "created": "2023-04-30T06:19:37.000+00:00",
        "updated": null,
        "id": 11,
        "goodsName": "家居用品用具小百货",
        "price": 9.8,
        "goodsContent": "包装种类: 其他颜色分类: 白色 黄色 红色",
        "goodsTag": "平价",
        "picture": "https://tanhua-zxm.oss-cn-hangzhou.aliyuncs.com/%E5%B0%8F%E7%BA%A2%E4%B9%A6/%E5%95%86%E5%93%81/%E5%B9%B3%E4%BB%B7/new/O1CN0109ZFuV25IshaJHuTL_%21%211660857504.jpg",
        "deleted": 0
      },
      {
        "created": "2023-04-30T06:19:37.000+00:00",
        "updated": null,
        "id": 12,
        "goodsName": "创意家居日用小商品厨房用品",
        "price": 1.61,
        "goodsContent": "品牌: other/其他风格: 日式包装种类: 其他颜色分类: 长方形毛重: 4g适用节日: 春节是否可定制: 否",
        "goodsTag": "平价",
        "picture": "https://tanhua-zxm.oss-cn-hangzhou.aliyuncs.com/%E5%B0%8F%E7%BA%A2%E4%B9%A6/%E5%95%86%E5%93%81/%E5%B9%B3%E4%BB%B7/new%20-%20%E5%89%AF%E6%9C%AC/QQ%E6%88%AA%E5%9B%BE20230425183202.png",
        "deleted": 0
      },
      {
        "created": "2023-04-30T06:19:40.000+00:00",
        "updated": null,
        "id": 13,
        "goodsName": "家居家用小东西家庭厨房卫生间用品",
        "price": 5.39,
        "goodsContent": "包装种类: 其他颜色分类: 强力透明款 10个装 强力透明款 20个装 强力透明款40个装【立省5元】",
        "goodsTag": "平价",
        "picture": "https://tanhua-zxm.oss-cn-hangzhou.aliyuncs.com/%E5%B0%8F%E7%BA%A2%E4%B9%A6/%E5%95%86%E5%93%81/%E5%B9%B3%E4%BB%B7/new%20-%20%E5%89%AF%E6%9C%AC%20%282%29/O1CN016F1OuP25IsftQfhJl_%21%211660857504.jpg",
        "deleted": 0
      },
      {
        "created": "2023-04-30T06:19:40.000+00:00",
        "updated": null,
        "id": 14,
        "goodsName": "创意居家居用品用具",
        "price": 1.5,
        "goodsContent": "是否量贩装: 否",
        "goodsTag": "平价",
        "picture": "https://tanhua-zxm.oss-cn-hangzhou.aliyuncs.com/%E5%B0%8F%E7%BA%A2%E4%B9%A6/%E5%95%86%E5%93%81/%E5%B9%B3%E4%BB%B7/new%20-%20%E5%89%AF%E6%9C%AC%20%283%29/TB17jMGSXXXXXX3XXXXXXXXXXXX_%21%210-item_pic.jpg",
        "deleted": 0
      },
      {
        "created": "2023-04-30T06:19:41.000+00:00",
        "updated": null,
        "id": 15,
        "goodsName": "抖音居家居厨房用品用具",
        "price": 15,
        "goodsContent": "包装种类: 其他颜色分类: 白色 乳白色 浅灰色 灰色 绿色 蓝色 深蓝色 墨绿色 宝蓝色 米白色 桔红色 小号颜色随机一个 中号颜色随机一个 大号颜色随机一个",
        "goodsTag": "平价",
        "picture": "https://tanhua-zxm.oss-cn-hangzhou.aliyuncs.com/%E5%B0%8F%E7%BA%A2%E4%B9%A6/%E5%95%86%E5%93%81/%E5%B9%B3%E4%BB%B7/new%20-%20%E5%89%AF%E6%9C%AC%20%284%29/O1CN01NE58xC25Isml5o13q_%21%211660857504.jpg",
        "deleted": 0
      },
      {
        "created": "2023-04-30T06:19:42.000+00:00",
        "updated": null,
        "id": 16,
        "goodsName": "创意家居厨房用品用具",
        "price": 24.79,
        "goodsContent": "包装种类: 其他颜色分类: 黑色1个装(送1个挂钩) 黄色1个装(送1个挂钩) 灰色1个装(送1个挂钩) 黑色2个装(送2个挂钩) ",
        "goodsTag": "平价",
        "picture": "https://tanhua-zxm.oss-cn-hangzhou.aliyuncs.com/%E5%B0%8F%E7%BA%A2%E4%B9%A6/%E5%95%86%E5%93%81/%E5%B9%B3%E4%BB%B7/new%20-%20%E5%89%AF%E6%9C%AC%20%285%29/O1CN01oG53Cd25IsqZBNhwf_%21%211660857504.jpg",
        "deleted": 0
      },
      {
        "created": "2023-04-30T06:19:38.000+00:00",
        "updated": null,
        "id": 17,
        "goodsName": "大学生活住校生宿舍用品",
        "price": 11.19,
        "goodsContent": "包装种类: 其他颜色分类: 1个装【黑色】 1个装【白色】 2个装【黑色】",
        "goodsTag": "平价",
        "picture": "https://tanhua-zxm.oss-cn-hangzhou.aliyuncs.com/%E5%B0%8F%E7%BA%A2%E4%B9%A6/%E5%95%86%E5%93%81/%E5%B9%B3%E4%BB%B7/new%20-%20%E5%89%AF%E6%9C%AC%20%286%29/O1CN019bhUR925IsqFVRR5j_%21%211660857504.jpg",
        "deleted": 0
      },
      {
        "created": "2023-04-30T06:19:42.000+00:00",
        "updated": null,
        "id": 18,
        "goodsName": "清洁洗碗神器日常用品",
        "price": 18.89,
        "goodsContent": "包装种类: 其他颜色分类: 4个装（颜色随机） 8个装（颜色随机） 12个装（颜色随机）礼品类别: 其他礼品",
        "goodsTag": "平价",
        "picture": "https://tanhua-zxm.oss-cn-hangzhou.aliyuncs.com/%E5%B0%8F%E7%BA%A2%E4%B9%A6/%E5%95%86%E5%93%81/%E5%B9%B3%E4%BB%B7/new%20-%20%E5%89%AF%E6%9C%AC%20%287%29/O1CN01PVUHWS25IsiiAo2yc_%21%211660857504.jpg",
        "deleted": 0
      },
      {
        "created": "2023-04-30T06:19:46.000+00:00",
        "updated": null,
        "id": 19,
        "goodsName": "懒人神器",
        "price": 11.79,
        "goodsContent": "包装种类: 其他颜色分类: 2大1小6件套（军绿色） 2大1小6件套（酒红色） 2大1小6件套（灰蓝色） 2大1小6件套（米色） 2大1小6件套（撞色蓝） 2大1小6件套（撞色粉） 2大1小6件套（撞色绿） 1大1小4件套（军绿色）",
        "goodsTag": "平价",
        "picture": "https://tanhua-zxm.oss-cn-hangzhou.aliyuncs.com/%E5%B0%8F%E7%BA%A2%E4%B9%A6/%E5%95%86%E5%93%81/%E5%B9%B3%E4%BB%B7/new%20-%20%E5%89%AF%E6%9C%AC%20%288%29/O1CN019i3Urs25Isr2U1PHK_%21%211660857504.jpg",
        "deleted": 0
      },
      {
        "created": "2023-04-30T06:19:47.000+00:00",
        "updated": null,
        "id": 20,
        "goodsName": "洗手盆漏网不锈钢厨房下水道过滤网",
        "price": 2.1,
        "goodsContent": "颜色分类: 小号 中号 大号 特大号",
        "goodsTag": "平价",
        "picture": "https://tanhua-zxm.oss-cn-hangzhou.aliyuncs.com/%E5%B0%8F%E7%BA%A2%E4%B9%A6/%E5%95%86%E5%93%81/%E5%B9%B3%E4%BB%B7/new%20-%20%E5%89%AF%E6%9C%AC%20%289%29/TB2KSUAX1n85uJjSZFvXXXIgXXa_%21%211660857504.jpg",
        "deleted": 0
      },
      {
        "created": "2023-04-30T06:19:47.000+00:00",
        "updated": null,
        "id": 21,
        "goodsName": "F重磅230g夏季FORNINES刺绣FOR9插肩袖短袖T恤男上衣潮牌宽松半袖",
        "price": 68,
        "goodsContent": "品牌: 其它/other尺码: M L XL 2XL花型图案: 字母/数字/文字领型: 圆领颜色: 咖啡色 黑色 军绿色袖型: 插肩袖细分风格: 美式休闲基础风格: 青春流行适用季节: 夏季上市年份季节: 2023年夏季袖长: 短袖厚薄: 常规适用场景: 日常版型: 宽松型款式细节: 绣花服饰工艺: 刺绣适用对象: 青年印花主题: 文字思想",
        "goodsTag": "潮流",
        "picture": "https://tanhua-zxm.oss-cn-hangzhou.aliyuncs.com/%E5%B0%8F%E7%BA%A2%E4%B9%A6/%E5%95%86%E5%93%81/%E6%BD%AE%E6%B5%81/1/O1CN01Ann8ZI2AxiHpiJe9G_%21%21862068270.jpg",
        "deleted": 0
      },
      {
        "created": "2023-04-30T06:19:49.000+00:00",
        "updated": null,
        "id": 22,
        "goodsName": "花花公子短袖t恤男士夏季薄款潮牌宽松青少年男装五分半袖上衣服",
        "price": 138,
        "goodsContent": "品牌：PLAYBOY/花花公子尺码：M L XL 2XL 3XL 4XL 5XL面料分类：棉毛布\r\n花型图案：字母/数字/文字领型：圆领颜色：白色 黑色 深灰色 石青色",
        "goodsTag": "潮流",
        "picture": "https://tanhua-zxm.oss-cn-hangzhou.aliyuncs.com/%E5%B0%8F%E7%BA%A2%E4%B9%A6/%E5%95%86%E5%93%81/%E6%BD%AE%E6%B5%81/1%20-%20%E5%89%AF%E6%9C%AC/O1CN01PYq3rW1hYroB1f46N_%21%212075424290.jpg",
        "deleted": 0
      },
      {
        "created": "2023-04-30T06:19:52.000+00:00",
        "updated": null,
        "id": 23,
        "goodsName": "外贸t恤男剪标短袖阿美咔叽美式纯棉出口原尾单男装男士体恤上衣",
        "price": 399,
        "goodsContent": "品牌: rxvuq尺码: M L XL 2XL 3XL面料分类: 棉毛布花型图案: 卡通动漫领型: 圆领颜色: 8615白色 8615黑色 8615军绿色 8607灰蓝色 8607黑色 8607铁灰色 8603灰蓝色 8603铁灰色 8603卡其色 8609白色 8609黑色 8609灰色 8610灰色 8610灰绿 8610黑色 8611白色 8611蓝色 8611黑色 8612白色 8612深灰 8612",
        "goodsTag": "潮流",
        "picture": "https://tanhua-zxm.oss-cn-hangzhou.aliyuncs.com/%E5%B0%8F%E7%BA%A2%E4%B9%A6/%E5%95%86%E5%93%81/%E6%BD%AE%E6%B5%81/1%20-%20%E5%89%AF%E6%9C%AC%20%282%29/O1CN01soZwuI2I5Dy3OWhKT_%21%212850899234.jpg",
        "deleted": 0
      },
      {
        "created": "2023-04-30T06:19:53.000+00:00",
        "updated": null,
        "id": 24,
        "goodsName": "美式复古后背印花t恤男短袖潮牌百搭潮流打底衫外贸尾单男装上衣",
        "price": 149,
        "goodsContent": "品牌: rxvuq尺码: M L XL 2XL 3XL面料分类: 棉毛布花型图案: 字母/数字/文字领型: 圆领颜色: 白色 湖蓝色 藏青色 铁灰色袖型: 常规货号: 28519细分风格: 美式休闲基础风格: 青春流行品牌类型: 时尚潮牌适用季节: 夏季上市年份季节: 2023年夏季袖长: 短袖厚薄: 常规适用场景: 其他休闲版型: 修身款式细节: 印花服饰工艺: 水洗适用对象: 青年印花主题: 复古民族",
        "goodsTag": "潮流",
        "picture": "https://tanhua-zxm.oss-cn-hangzhou.aliyuncs.com/%E5%B0%8F%E7%BA%A2%E4%B9%A6/%E5%95%86%E5%93%81/%E6%BD%AE%E6%B5%81/1%20-%20%E5%89%AF%E6%9C%AC%20%283%29/O1CN01h2Q7Lm2I5E5RSAqfs_%21%212850899234.jpg",
        "deleted": 0
      },
      {
        "created": "2023-04-30T06:19:54.000+00:00",
        "updated": null,
        "id": 25,
        "goodsName": "【KGOODS】260克重磅夏季国潮潮牌字母印花情侣宽松圆领短袖T恤男",
        "price": 128,
        "goodsContent": "品牌: HYPERBASIC尺码: S M L XL花型图案: 字母/数字/文字领型: 圆领颜色: 米白色 黑白色 黑玫红色 棕绿色 白粉色 浅粉色 黑白色预售 黑玫红色预售 浅黄色袖型: 常规货号: HB23SS-022细分风格: 潮基础风格: 青春流行品牌类型: 时尚潮牌适用季节: 夏季上市年份季节: 2023年春季袖长: 短袖厚薄: 常规适用场景: 日常版型: 宽松型款式细节: 印花服饰工艺: 免烫处理适用对象: 青年印花主题: 创意趣味材质成分: 棉100%",
        "goodsTag": "潮流",
        "picture": "https://tanhua-zxm.oss-cn-hangzhou.aliyuncs.com/%E5%B0%8F%E7%BA%A2%E4%B9%A6/%E5%95%86%E5%93%81/%E6%BD%AE%E6%B5%81/1%20-%20%E5%89%AF%E6%9C%AC%20%285%29/QQ%E6%88%AA%E5%9B%BE20230425182237.png",
        "deleted": 0
      },
      {
        "created": "2023-04-30T06:19:54.000+00:00",
        "updated": null,
        "id": 26,
        "goodsName": "国潮休闲宽松开衫棒球服男短袖棒球衬衣衬衫女嘻哈",
        "price": 166,
        "goodsContent": "品牌: 其他/other尺码: S M L XL面料分类: 色织布图案: 其他/other领型: 其他/other颜色: 黑色 藏蓝色货号: KF19SS-SYGU0010细分风格: 嘻哈基础风格: 青春流行适用季节: 四季通用上市年份季节: 2023年春季袖长: 短袖厚薄: 常规适用场景: 其他休闲版型: 宽松型服装款式细节: 拼色服饰工艺: 其他适用对象: 青年面料功能: 免烫材质成分: 聚酯纤维100%",
        "goodsTag": "潮流",
        "picture": "https://tanhua-zxm.oss-cn-hangzhou.aliyuncs.com/%E5%B0%8F%E7%BA%A2%E4%B9%A6/%E5%95%86%E5%93%81/%E6%BD%AE%E6%B5%81/1%20-%20%E5%89%AF%E6%9C%AC%20%286%29/O1CN01VkWKHm1yWtXdCMDAw_%21%2188766587.jpg",
        "deleted": 0
      },
      {
        "created": "2023-04-30T06:19:55.000+00:00",
        "updated": null,
        "id": 27,
        "goodsName": "Turnthetables基础款印花T恤男女宽松休闲圆领短袖上衣",
        "price": 158,
        "goodsContent": "品牌: Turnthetables尺码: S M L XL花型图案: 纯色领型: 圆领颜色: 白色 黑色 黄色 蓝色 绿色袖型: 常规货号: TTT21SS-014细分风格: 潮基础风格: 青春流行品牌类型: 时尚潮牌适用季节: 夏季上市年份季节: 2021年夏季袖长: 短袖厚薄: 常规适用场景: 其他休闲版型: 宽松型款式细节: 印花服饰工艺: 免烫处理适用对象: 青年印花主题: 品牌LOGO",
        "goodsTag": "潮流",
        "picture": "https://tanhua-zxm.oss-cn-hangzhou.aliyuncs.com/%E5%B0%8F%E7%BA%A2%E4%B9%A6/%E5%95%86%E5%93%81/%E6%BD%AE%E6%B5%81/1%20-%20%E5%89%AF%E6%9C%AC%20%287%29/O1CN01OY71pV1yWtVkP195u_%21%2188766587.jpg",
        "deleted": 0
      },
      {
        "created": "2023-04-30T06:19:55.000+00:00",
        "updated": null,
        "id": 28,
        "goodsName": "Turnthetables潮牌宽松上衣日系加绒复古枣红色卫衣男",
        "price": 533,
        "goodsContent": "品牌: Turnthetables尺码: S M L XL图案: 其他/other领型: 圆领颜色: 枣红色-加绒 绿色-加绒 黑色-加绒 卡其色-加绒 紫色-加绒 花灰色-加绒 红色-毛圈底 黑色-毛圈底 绿色-毛圈底 紫色-毛圈底 荧光黄-毛圈底 深灰色-毛圈底 黑色-加绒预售 绿色-加绒预售 花灰色-加绒预售 枣红色-加绒预售 紫色-加绒预售货号: KF19AW-TTT012细分风格: 潮基础风格: 青春流行上市年份季节: 2019年冬季厚薄: 加绒版型: 宽松型款式: 套头",
        "goodsTag": "潮流",
        "picture": "https://tanhua-zxm.oss-cn-hangzhou.aliyuncs.com/%E5%B0%8F%E7%BA%A2%E4%B9%A6/%E5%95%86%E5%93%81/%E6%BD%AE%E6%B5%81/1%20-%20%E5%89%AF%E6%9C%AC%20%287%29/O1CN01y1unJO1yWtUiyFfd4_%21%2188766587.jpg",
        "deleted": 0
      },
      {
        "created": "2023-04-30T06:19:56.000+00:00",
        "updated": null,
        "id": 29,
        "goodsName": "圆领长袖情侣t恤纯色纯棉打底衫男上衣春季",
        "price": 421,
        "goodsContent": "品牌: Turnthetables尺码: S M L XL面料分类: 其他花型图案: 纯色领型: 其他/other颜色: 白色 湖蓝色 桔红色 黑色 蓝色 绿色袖型: 常规货号: KF20AW-TTT022细分风格: 潮基础风格: 青春流行品牌类型: 时尚潮牌适用季节: 秋季上市年份季节: 2020年秋季袖长: 长袖厚薄: 常规适用场景: 日常版型: 宽松型款式细节: 其他服饰工艺: 免烫处理适用对象: 青少年",
        "goodsTag": "潮流",
        "picture": "https://tanhua-zxm.oss-cn-hangzhou.aliyuncs.com/%E5%B0%8F%E7%BA%A2%E4%B9%A6/%E5%95%86%E5%93%81/%E6%BD%AE%E6%B5%81/1%20-%20%E5%89%AF%E6%9C%AC%20%288%29/O1CN014kMYa71yWtUhglynb_%21%2188766587.jpg",
        "deleted": 0
      },
      {
        "created": "2023-04-30T06:19:57.000+00:00",
        "updated": null,
        "id": 30,
        "goodsName": "幻彩反光印花长袖上衣嘻哈情侣t恤潮",
        "price": 234,
        "goodsContent": "品牌: Turnthetables尺码: S M L XL面料分类: 其他花型图案: 渐变领型: 圆领颜色: 白色 灰色 尺码表 黑色袖型: 常规货号: KF20AW-TTT006细分风格: 潮基础风格: 青春流行品牌类型: 时尚潮牌适用季节: 秋季上市年份季节: 2023年春季袖长: 长袖厚薄: 常规适用场景: 其他休闲版型: 宽松型款式细节: 其他服饰工艺: 免烫处理适用对象: 青少年印花主题: 品牌LOGO材质成分: 棉100%",
        "goodsTag": "潮流",
        "picture": "https://tanhua-zxm.oss-cn-hangzhou.aliyuncs.com/%E5%B0%8F%E7%BA%A2%E4%B9%A6/%E5%95%86%E5%93%81/%E6%BD%AE%E6%B5%81/1%20-%20%E5%89%AF%E6%9C%AC%20%289%29/O1CN01Hile4S1yWtUveE1Yj_%21%2188766587.jpg",
        "deleted": 0
      },
      {
        "created": "2023-04-30T06:19:57.000+00:00",
        "updated": null,
        "id": 31,
        "goodsName": "居家居厨房卫生间用品家用大全生活用具小百货小物件各种清洁神器",
        "price": 36.5,
        "goodsContent": "材质: 树脂风格: 北欧风格安装方式: 免打孔颜色分类: 薰衣草紫1包30片 薰衣草紫2包60片 薰衣草紫3包90片 薰衣草紫5包150片 薰衣草紫10包300片 海洋蓝1包30片 海洋蓝2包60片 海洋蓝3包90片 海洋蓝5包150片 海洋蓝10包300片层数: 1层是否手工: 否",
        "goodsTag": "其它",
        "picture": "https://tanhua-zxm.oss-cn-hangzhou.aliyuncs.com/%E5%B0%8F%E7%BA%A2%E4%B9%A6/%E5%95%86%E5%93%81/%E5%85%B6%E5%AE%83/new/O1CN013UlTrR21tHrUNTpuB_%21%212375307042.jpg",
        "deleted": 0
      },
      {
        "created": "2023-04-30T06:19:59.000+00:00",
        "updated": null,
        "id": 32,
        "goodsName": "厨房用品家用大全生活用具小百货厨具小物件家居各种居家除锈神器",
        "price": 23.8,
        "goodsContent": "包装种类: 简装颜色分类: 小瓶装【4瓶】共400ml 小瓶装【2瓶】共200ml 小瓶装【1瓶】100ml【试用装】 大瓶装【1瓶】350ml【热销装】 大瓶装【2瓶】350ml【实惠装】适用对象: 其他礼品类别: 其他礼品",
        "goodsTag": "其它",
        "picture": "https://tanhua-zxm.oss-cn-hangzhou.aliyuncs.com/%E5%B0%8F%E7%BA%A2%E4%B9%A6/%E5%95%86%E5%93%81/%E5%85%B6%E5%AE%83/new%20-%20%E5%89%AF%E6%9C%AC/O1CN016aQO1G1PcqCYVOOM0_%21%213452661862.jpg",
        "deleted": 0
      },
      {
        "created": "2023-04-30T06:19:59.000+00:00",
        "updated": null,
        "id": 33,
        "goodsName": "家居家用小东西居家生活日用品家庭厨房卫生间用品用具小百货大全",
        "price": 13.66,
        "goodsContent": "品牌: other/其他包装种类: 简装颜色分类: S码100只（TPE韧性强加厚） M码100只（TPE韧性强加厚） L码100只（TPE韧性强加厚） S码200只（TPE韧性强加厚） M码200只（TPE韧性强加厚） L码200只（TPE韧性强加厚）适用对象: 其他礼品类别: 其他礼品 创意类礼品",
        "goodsTag": "其它",
        "picture": "https://tanhua-zxm.oss-cn-hangzhou.aliyuncs.com/%E5%B0%8F%E7%BA%A2%E4%B9%A6/%E5%95%86%E5%93%81/%E5%85%B6%E5%AE%83/new%20-%20%E5%89%AF%E6%9C%AC%20%282%29/O1CN01ZUcoXp1dYAk1CN2RE_%21%212182353747.jpg",
        "deleted": 0
      },
      {
        "created": "2023-04-30T06:20:02.000+00:00",
        "updated": null,
        "id": 34,
        "goodsName": "抖音居家居用品用具",
        "price": 17.5,
        "goodsContent": "品牌: other/其他包装种类: 简装颜色分类: 白色1个 蓝黄1个 白色3个 蓝黄3个 白色6个 蓝黄6个 白3个+蓝黄3个礼品类别: 其他礼品 创意类礼品 装饰类",
        "goodsTag": "其它",
        "picture": "https://tanhua-zxm.oss-cn-hangzhou.aliyuncs.com/%E5%B0%8F%E7%BA%A2%E4%B9%A6/%E5%95%86%E5%93%81/%E5%85%B6%E5%AE%83/new%20-%20%E5%89%AF%E6%9C%AC%20%283%29/O1CN01NPV6R41dYAfG7hqpX_%21%212182353747.jpg",
        "deleted": 0
      },
      {
        "created": "2023-04-30T06:20:02.000+00:00",
        "updated": null,
        "id": 35,
        "goodsName": "简约家居用品用具家用小百货好物",
        "price": 52.3,
        "goodsContent": "品牌: LD家居风格: 简约包装种类: 其他颜色分类: 【灰色】1个 【粉色】1个 【蓝色】1个 【灰色】2个 【粉色】2个 【蓝色】2个 【粉色】1个+【灰色】1个 【蓝色】1个+【粉色】1个 【蓝色】1个+【灰色】1个 【每色一个】共3个毛重: 0.5货号: LD-3适用对象: 其他礼品类别: 其他礼品 创意类礼品",
        "goodsTag": "其它",
        "picture": "https://tanhua-zxm.oss-cn-hangzhou.aliyuncs.com/%E5%B0%8F%E7%BA%A2%E4%B9%A6/%E5%95%86%E5%93%81/%E5%85%B6%E5%AE%83/new%20-%20%E5%89%AF%E6%9C%AC%20%284%29/O1CN01GWbOib1z0fJ9GT9sX_%21%212516716652.jpg",
        "deleted": 0
      },
      {
        "created": "2023-04-30T06:20:03.000+00:00",
        "updated": null,
        "id": 36,
        "goodsName": "乐扣乐扣小型14寸手提化妆箱女便携洗漱收纳箱包迷你化妆包小巧",
        "price": 138.8,
        "goodsContent": "品牌: 乐扣乐扣质地: ABS闭合方式: 拉链图案: 卡通动漫成色: 全新尺寸: 14寸【无锁】赠运费险 14寸【带锁】赠运费险 15寸【无锁】赠运费险 15寸【带锁】赠运费险 16寸【无锁】赠运费险",
        "goodsTag": "其它",
        "picture": "https://tanhua-zxm.oss-cn-hangzhou.aliyuncs.com/%E5%B0%8F%E7%BA%A2%E4%B9%A6/%E5%95%86%E5%93%81/%E5%85%B6%E5%AE%83/new%20-%20%E5%89%AF%E6%9C%AC%20%285%29/O1CN01PcbhSR26kC7UoXsuk_%21%212211027117699.jpg",
        "deleted": 0
      },
      {
        "created": "2023-04-30T06:20:04.000+00:00",
        "updated": null,
        "id": 37,
        "goodsName": "欧美真皮编织女士手提包",
        "price": 780,
        "goodsContent": "品牌: 蔻盾质地: 羊皮闭合方式: 拉链图案: 格子风格: 欧美时尚形状: 横款方形成色: 全新流行元素: 编织颜色分类: 白色 黑色 宝蓝色 银红色 灰白色 雾霾蓝 大红色内部结构: 拉链暗袋 手机袋 证件位有无夹层: 无是否可折叠: 否货号: G03MS背包方式: 单肩斜挎手提适用场景: 休闲里料材质: 真皮肩带样式: 单根适用对象: 青年提拎部件类型: 软把箱包外袋种类: 带盖袋箱包硬度: 软款式: 单肩包大小: 中流行款式名称: 小方包",
        "goodsTag": "其它",
        "picture": "https://tanhua-zxm.oss-cn-hangzhou.aliyuncs.com/%E5%B0%8F%E7%BA%A2%E4%B9%A6/%E5%95%86%E5%93%81/%E5%85%B6%E5%AE%83/new%20-%20%E5%89%AF%E6%9C%AC%20%286%29/O1CN01Ao6z4G1xqIiI5RZsC_%21%213431946494.jpg",
        "deleted": 0
      },
      {
        "created": "2023-04-30T06:20:04.000+00:00",
        "updated": null,
        "id": 38,
        "goodsName": "日本ZD妈咪包新款时尚外出大容量多功能母婴包背包妈妈双肩包",
        "price": 336,
        "goodsContent": "品牌: ZIZI DONOHOE型号: 52785224适用年龄: 新生 3个月 6个月 12个月 18个月 2岁 9个月面料: 混纺风格: 休闲适用性别: 男女通用颜色分类: 绿色+送床垫 黑色+送床垫 灰色+送床垫 粉配灰升级款+送床垫 蓝色款升级款+送床垫",
        "goodsTag": "其它",
        "picture": "https://tanhua-zxm.oss-cn-hangzhou.aliyuncs.com/%E5%B0%8F%E7%BA%A2%E4%B9%A6/%E5%95%86%E5%93%81/%E5%85%B6%E5%AE%83/new%20-%20%E5%89%AF%E6%9C%AC%20%287%29/O1CN012YectV1bwmoF5KzrY_%21%21908003530.jpg",
        "deleted": 0
      },
      {
        "created": "2023-04-30T06:20:05.000+00:00",
        "updated": null,
        "id": 39,
        "goodsName": "纯棉婴儿衣服新生儿礼盒春夏刚初出生宝宝套装母婴用品满月送礼物",
        "price": 235,
        "goodsContent": "品牌: 兰咖小熊型号: 001适用年龄: 3个月 6个月 18个月 9个月面料: 其他/other风格: 卡通产地: 中国大陆省份: 江苏省地市: 无锡市适用性别: 女衣门襟: 单排扣件数: 20件及以上颜色分类: 粉色星星花A款礼盒 粉色星星花B款礼盒组合形式: 服装+用品货号: 001参考身高: 59cm(0-3个月宝宝） 66cm(3-6个月宝宝） 73cm(6-9个月宝宝） 80cm(9-12个月宝宝） 90cm(12-18个月宝宝）安全等级: A类材质成分: 其他材质100% 其他",
        "goodsTag": "其它",
        "picture": "https://tanhua-zxm.oss-cn-hangzhou.aliyuncs.com/%E5%B0%8F%E7%BA%A2%E4%B9%A6/%E5%95%86%E5%93%81/%E5%85%B6%E5%AE%83/new%20-%20%E5%89%AF%E6%9C%AC%20%288%29/O1CN01HUWvwk1aufUi5loyx_%21%212637083390.jpg",
        "deleted": 0
      },
      {
        "created": "2023-04-30T06:20:08.000+00:00",
        "updated": null,
        "id": 40,
        "goodsName": "新生的儿虎宝宝出生见面礼初生婴儿用品大全母婴礼盒满月百天礼物",
        "price": 568,
        "goodsContent": "品牌: other/其他型号: 母婴用品大全必备高端礼品男女孩H1适用年龄: 新生 3个月",
        "goodsTag": "其它",
        "picture": "https://tanhua-zxm.oss-cn-hangzhou.aliyuncs.com/%E5%B0%8F%E7%BA%A2%E4%B9%A6/%E5%95%86%E5%93%81/%E5%85%B6%E5%AE%83/new%20-%20%E5%89%AF%E6%9C%AC%20%289%29/O1CN010UgVEf276B3gNrD9f_%21%212213062167747.jpg",
        "deleted": 0
      },
      {
        "created": "2023-04-30T06:20:09.000+00:00",
        "updated": null,
        "id": 41,
        "goodsName": "厨房水龙头置物架",
        "price": 68,
        "goodsContent": "品牌: WNL/万年利功能: 其他/other材质: 塑料风格: 创意颜色分类: 【绿色】2个装",
        "goodsTag": "宝藏好店",
        "picture": "https://tanhua-zxm.oss-cn-hangzhou.aliyuncs.com/%E5%B0%8F%E7%BA%A2%E4%B9%A6/%E5%95%86%E5%93%81/%E5%AE%9D%E8%97%8F%E5%A5%BD%E5%BA%97/1/O1CN010fArx41Rfi0sxB20G_%21%212917322139.jpg",
        "deleted": 0
      },
      {
        "created": "2023-04-30T06:20:09.000+00:00",
        "updated": null,
        "id": 42,
        "goodsName": "厨房调料置物架",
        "price": 100,
        "goodsContent": "品牌: BOUSSAC（厨房用品）功能: 防锈材质: 金属风格: 创意安装方式: 置地式颜色分类: 单层圆形-黑色（360度可旋转 加固底盘） 双层圆形-黑色（360度可旋转 加固底盘）",
        "goodsTag": "宝藏好店",
        "picture": "https://tanhua-zxm.oss-cn-hangzhou.aliyuncs.com/%E5%B0%8F%E7%BA%A2%E4%B9%A6/%E5%95%86%E5%93%81/%E5%AE%9D%E8%97%8F%E5%A5%BD%E5%BA%97/1%20-%20%E5%89%AF%E6%9C%AC/O1CN01GK1QOh1Rfi0qZAtVA_%21%212917322139.jpg",
        "deleted": 0
      },
      {
        "created": "2023-04-30T06:20:11.000+00:00",
        "updated": null,
        "id": 43,
        "goodsName": "益伟免手洗海绵拖把",
        "price": 295,
        "goodsContent": "产品名称: 益伟 yw-20品牌: 益伟型号: YW-20颜色分类: 28cm加厚海绵拖把+1棉头/天蓝【不锈钢杆】 28cm加厚海绵拖把+1棉头/卡其【不锈钢杆】",
        "goodsTag": "宝藏好店",
        "picture": "https://tanhua-zxm.oss-cn-hangzhou.aliyuncs.com/%E5%B0%8F%E7%BA%A2%E4%B9%A6/%E5%95%86%E5%93%81/%E5%AE%9D%E8%97%8F%E5%A5%BD%E5%BA%97/1%20-%20%E5%89%AF%E6%9C%AC%20%282%29/O1CN011FDEHI1Rfi0nYMutz_%21%212917322139.jpg",
        "deleted": 0
      },
      {
        "created": "2023-04-30T06:20:13.000+00:00",
        "updated": null,
        "id": 44,
        "goodsName": "硅藻泥速干软地垫浴室卫生间门口吸水防滑脚垫子",
        "price": 76,
        "goodsContent": "品牌: 怡沁园材质: 硅藻泥图案: 卡通动漫风格: 简约现代产地: 中国大陆省份: 浙江省地市: 绍兴市尺寸: 40*60cm【加厚约4.0mm丨买一送一 ",
        "goodsTag": "宝藏好店",
        "picture": "https://tanhua-zxm.oss-cn-hangzhou.aliyuncs.com/%E5%B0%8F%E7%BA%A2%E4%B9%A6/%E5%95%86%E5%93%81/%E5%AE%9D%E8%97%8F%E5%A5%BD%E5%BA%97/1%20-%20%E5%89%AF%E6%9C%AC%20%283%29/O1CN01OCxSv51Rfi0naXaV0_%21%212917322139.jpg",
        "deleted": 0
      },
      {
        "created": "2023-04-30T06:20:13.000+00:00",
        "updated": null,
        "id": 45,
        "goodsName": "郁金香垃圾桶网红ins风家用大容量客厅小宿舍卧室厨房卫生间轻奢",
        "price": 137,
        "goodsContent": "品牌: STIMULATE RECORDS/激志容量: 12L形状: 圆桶形颜色分类: 圆形小号+20只垃圾袋-内外双桶 圆形大号+20只垃圾袋-内外双桶 ",
        "goodsTag": "宝藏好店",
        "picture": "https://tanhua-zxm.oss-cn-hangzhou.aliyuncs.com/%E5%B0%8F%E7%BA%A2%E4%B9%A6/%E5%95%86%E5%93%81/%E5%AE%9D%E8%97%8F%E5%A5%BD%E5%BA%97/1%20-%20%E5%89%AF%E6%9C%AC%20%284%29/O1CN016fevbe1Rfi0p00B7G_%21%212917322139.jpg",
        "deleted": 0
      },
      {
        "created": "2023-04-30T06:20:14.000+00:00",
        "updated": null,
        "id": 46,
        "goodsName": "垃圾桶客厅家用轻奢高档厨房卧室大容量高颜值现代大号2022新款",
        "price": 147,
        "goodsContent": "品牌: 飞达三和容量: 12L形状: 圆桶形颜色分类: 爱马橙 12L 内外双桶 珍珠白 12L 简约小鹿印花 墨玉绿 12L 内外双桶 靛青蓝 12L 简约小鹿印花 静谧黑 12L 简约小鹿印花 爱马橙金 15L H印花",
        "goodsTag": "宝藏好店",
        "picture": "https://tanhua-zxm.oss-cn-hangzhou.aliyuncs.com/%E5%B0%8F%E7%BA%A2%E4%B9%A6/%E5%95%86%E5%93%81/%E5%AE%9D%E8%97%8F%E5%A5%BD%E5%BA%97/1%20-%20%E5%89%AF%E6%9C%AC%20%285%29/O1CN018BbR0Z1Rfi0kjH9GE_%21%212917322139.jpg",
        "deleted": 0
      },
      {
        "created": "2023-04-30T06:20:15.000+00:00",
        "updated": null,
        "id": 47,
        "goodsName": "德国油污净厨房抽油烟机强力去油污清洗剂重清洁剂油除垢渍烟神器",
        "price": 354,
        "goodsContent": "品牌: 老管家系列: 重油污清洗剂香味: 柠檬香 【1瓶】进口魔力泡泡重油 【3瓶】进口魔力泡泡重油一喷净 【5瓶】进口魔力泡泡重油一喷净",
        "goodsTag": "宝藏好店",
        "picture": "https://tanhua-zxm.oss-cn-hangzhou.aliyuncs.com/%E5%B0%8F%E7%BA%A2%E4%B9%A6/%E5%95%86%E5%93%81/%E5%AE%9D%E8%97%8F%E5%A5%BD%E5%BA%97/1%20-%20%E5%89%AF%E6%9C%AC%20%286%29/O1CN018vxDZh1Rfi0ekvyhK_%21%212917322139.jpg",
        "deleted": 0
      },
      {
        "created": "2023-04-30T06:20:16.000+00:00",
        "updated": null,
        "id": 48,
        "goodsName": "厕所洗手间壁挂式收纳架子神器",
        "price": 166,
        "goodsContent": "品牌: 喵可可材质: 塑料风格: 简约安装方式: 免打孔流行元素: 纯色颜色分类: 俩杯牙刷架【送杯贴】 俩杯牙刷架+灰白色挤牙膏器【送杯贴】",
        "goodsTag": "宝藏好店",
        "picture": "https://tanhua-zxm.oss-cn-hangzhou.aliyuncs.com/%E5%B0%8F%E7%BA%A2%E4%B9%A6/%E5%95%86%E5%93%81/%E5%AE%9D%E8%97%8F%E5%A5%BD%E5%BA%97/1%20-%20%E5%89%AF%E6%9C%AC%20%287%29/O1CN012PAHaD1Rfi0lW3pDp_%21%212917322139.jpg",
        "deleted": 0
      },
      {
        "created": "2023-04-30T06:20:16.000+00:00",
        "updated": null,
        "id": 49,
        "goodsName": "厨房神器大全灶台用具用品",
        "price": 14.21,
        "goodsContent": "品牌: WNL/万年利材质: 其他颜色分类: 亚克力防水美缝贴【甜蜜水果款】 亚克力防水透明美缝贴【缤纷甜蜜款】 亚克力防水透明美缝贴【摩卡时光款】",
        "goodsTag": "宝藏好店",
        "picture": "https://tanhua-zxm.oss-cn-hangzhou.aliyuncs.com/%E5%B0%8F%E7%BA%A2%E4%B9%A6/%E5%95%86%E5%93%81/%E5%AE%9D%E8%97%8F%E5%A5%BD%E5%BA%97/1%20-%20%E5%89%AF%E6%9C%AC%20%288%29/O1CN01LWhuAj27Jv1zZMOnJ_%21%212214098687777.jpg",
        "deleted": 0
      },
      {
        "created": "2023-04-30T06:20:17.000+00:00",
        "updated": null,
        "id": 50,
        "goodsName": "厨房网红用品家用大全小百货壁挂式",
        "price": 33.67,
        "goodsContent": "品牌: WNL/万年利材质: 塑料颜色分类: 蚝油挤压器（黑色） 蚝油挤压器（白色） 蚝油挤压器（黑色）*2 蚝油挤压器（白色）*2 升级款-白灰色（赠吸管2根） 升级款-墨绿金色（赠吸管2根） 升级款-白金色（赠吸管2根）",
        "goodsTag": "宝藏好店",
        "picture": "https://tanhua-zxm.oss-cn-hangzhou.aliyuncs.com/%E5%B0%8F%E7%BA%A2%E4%B9%A6/%E5%95%86%E5%93%81/%E5%AE%9D%E8%97%8F%E5%A5%BD%E5%BA%97/1%20-%20%E5%89%AF%E6%9C%AC%20%289%29/O1CN01awLIQL1T1ysRqvuSf_%21%212358342323.jpg",
        "deleted": 0
      }
    ],
    "推荐商品": [
      {
        "created": "2023-04-30T06:19:17.000+00:00",
        "updated": null,
        "id": 1,
        "goodsName": "创意家居生活用品",
        "price": 18.5,
        "goodsContent": "品牌: 小凡家居风格: 时尚包装种类:",
        "goodsTag": "家居",
        "picture": "https://tanhua-zxm.oss-cn-hangzhou.aliyuncs.com/%E5%B0%8F%E7%BA%A2%E4%B9%A6/%E5%95%86%E5%93%81/%E6%8E%A8%E8%8D%90/1/O1CN0160sQnm23r793wD3S8_%21%21267817308.jpg",
        "deleted": 0
      },
      {
        "created": "2023-04-30T06:20:15.000+00:00",
        "updated": null,
        "id": 47,
        "goodsName": "德国油污净厨房抽油烟机强力去油污清洗剂重清洁剂油除垢渍烟神器",
        "price": 354,
        "goodsContent": "品牌: 老管家系列: 重油污清洗剂香味: 柠檬香 【1瓶】进口魔力泡泡重油 【3瓶】进口魔力泡泡重油一喷净 【5瓶】进口魔力泡泡重油一喷净",
        "goodsTag": "宝藏好店",
        "picture": "https://tanhua-zxm.oss-cn-hangzhou.aliyuncs.com/%E5%B0%8F%E7%BA%A2%E4%B9%A6/%E5%95%86%E5%93%81/%E5%AE%9D%E8%97%8F%E5%A5%BD%E5%BA%97/1%20-%20%E5%89%AF%E6%9C%AC%20%286%29/O1CN018vxDZh1Rfi0ekvyhK_%21%212917322139.jpg",
        "deleted": 0
      },
      {
        "created": "2023-04-30T06:19:35.000+00:00",
        "updated": null,
        "id": 8,
        "goodsName": "家居家义乌商贸城小商品小百货",
        "price": 0.88,
        "goodsContent": "：包装种类: 其他颜色分类: 薄款 厚款适用对象: 其他礼品类别: 其他礼品",
        "goodsTag": "家居",
        "picture": "https://tanhua-zxm.oss-cn-hangzhou.aliyuncs.com/%E5%B0%8F%E7%BA%A2%E4%B9%A6/%E5%95%86%E5%93%81/%E6%8E%A8%E8%8D%90/1%20-%20%E5%89%AF%E6%9C%AC%20%287%29/O1CN014nTnRg26qbQWlLWvQ_%21%211712577713.jpg",
        "deleted": 0
      },
      {
        "created": "2023-04-30T06:19:52.000+00:00",
        "updated": null,
        "id": 23,
        "goodsName": "外贸t恤男剪标短袖阿美咔叽美式纯棉出口原尾单男装男士体恤上衣",
        "price": 399,
        "goodsContent": "品牌: rxvuq尺码: M L XL 2XL 3XL面料分类: 棉毛布花型图案: 卡通动漫领型: 圆领颜色: 8615白色 8615黑色 8615军绿色 8607灰蓝色 8607黑色 8607铁灰色 8603灰蓝色 8603铁灰色 8603卡其色 8609白色 8609黑色 8609灰色 8610灰色 8610灰绿 8610黑色 8611白色 8611蓝色 8611黑色 8612白色 8612深灰 8612",
        "goodsTag": "潮流",
        "picture": "https://tanhua-zxm.oss-cn-hangzhou.aliyuncs.com/%E5%B0%8F%E7%BA%A2%E4%B9%A6/%E5%95%86%E5%93%81/%E6%BD%AE%E6%B5%81/1%20-%20%E5%89%AF%E6%9C%AC%20%282%29/O1CN01soZwuI2I5Dy3OWhKT_%21%212850899234.jpg",
        "deleted": 0
      },
      {
        "created": "2023-04-30T06:19:32.000+00:00",
        "updated": null,
        "id": 6,
        "goodsName": "Midea/美的大1.5匹p空调",
        "price": 3399,
        "goodsContent": "CCC证书编号: 2020010703276793空调品牌: Midea/美的美的空调型号: KFR-35GW/功能: 除菌空调功率: 大1.5匹售后服务: ",
        "goodsTag": "家居",
        "picture": "https://tanhua-zxm.oss-cn-hangzhou.aliyuncs.com/%E5%B0%8F%E7%BA%A2%E4%B9%A6/%E5%95%86%E5%93%81/%E6%8E%A8%E8%8D%90/1%20-%20%E5%89%AF%E6%9C%AC%20%285%29/O1CN01ruQZwz1rUQBFTvXFY_%21%212210852105634.jpg",
        "deleted": 0
      },
      {
        "created": "2023-04-30T06:20:13.000+00:00",
        "updated": null,
        "id": 44,
        "goodsName": "硅藻泥速干软地垫浴室卫生间门口吸水防滑脚垫子",
        "price": 76,
        "goodsContent": "品牌: 怡沁园材质: 硅藻泥图案: 卡通动漫风格: 简约现代产地: 中国大陆省份: 浙江省地市: 绍兴市尺寸: 40*60cm【加厚约4.0mm丨买一送一 ",
        "goodsTag": "宝藏好店",
        "picture": "https://tanhua-zxm.oss-cn-hangzhou.aliyuncs.com/%E5%B0%8F%E7%BA%A2%E4%B9%A6/%E5%95%86%E5%93%81/%E5%AE%9D%E8%97%8F%E5%A5%BD%E5%BA%97/1%20-%20%E5%89%AF%E6%9C%AC%20%283%29/O1CN01OCxSv51Rfi0naXaV0_%21%212917322139.jpg",
        "deleted": 0
      },
      {
        "created": "2023-04-30T06:19:47.000+00:00",
        "updated": null,
        "id": 20,
        "goodsName": "洗手盆漏网不锈钢厨房下水道过滤网",
        "price": 2.1,
        "goodsContent": "颜色分类: 小号 中号 大号 特大号",
        "goodsTag": "平价",
        "picture": "https://tanhua-zxm.oss-cn-hangzhou.aliyuncs.com/%E5%B0%8F%E7%BA%A2%E4%B9%A6/%E5%95%86%E5%93%81/%E5%B9%B3%E4%BB%B7/new%20-%20%E5%89%AF%E6%9C%AC%20%289%29/TB2KSUAX1n85uJjSZFvXXXIgXXa_%21%211660857504.jpg",
        "deleted": 0
      },
      {
        "created": "2023-04-30T06:20:02.000+00:00",
        "updated": null,
        "id": 35,
        "goodsName": "简约家居用品用具家用小百货好物",
        "price": 52.3,
        "goodsContent": "品牌: LD家居风格: 简约包装种类: 其他颜色分类: 【灰色】1个 【粉色】1个 【蓝色】1个 【灰色】2个 【粉色】2个 【蓝色】2个 【粉色】1个+【灰色】1个 【蓝色】1个+【粉色】1个 【蓝色】1个+【灰色】1个 【每色一个】共3个毛重: 0.5货号: LD-3适用对象: 其他礼品类别: 其他礼品 创意类礼品",
        "goodsTag": "其它",
        "picture": "https://tanhua-zxm.oss-cn-hangzhou.aliyuncs.com/%E5%B0%8F%E7%BA%A2%E4%B9%A6/%E5%95%86%E5%93%81/%E5%85%B6%E5%AE%83/new%20-%20%E5%89%AF%E6%9C%AC%20%284%29/O1CN01GWbOib1z0fJ9GT9sX_%21%212516716652.jpg",
        "deleted": 0
      },
      {
        "created": "2023-04-30T06:20:17.000+00:00",
        "updated": null,
        "id": 50,
        "goodsName": "厨房网红用品家用大全小百货壁挂式",
        "price": 33.67,
        "goodsContent": "品牌: WNL/万年利材质: 塑料颜色分类: 蚝油挤压器（黑色） 蚝油挤压器（白色） 蚝油挤压器（黑色）*2 蚝油挤压器（白色）*2 升级款-白灰色（赠吸管2根） 升级款-墨绿金色（赠吸管2根） 升级款-白金色（赠吸管2根）",
        "goodsTag": "宝藏好店",
        "picture": "https://tanhua-zxm.oss-cn-hangzhou.aliyuncs.com/%E5%B0%8F%E7%BA%A2%E4%B9%A6/%E5%95%86%E5%93%81/%E5%AE%9D%E8%97%8F%E5%A5%BD%E5%BA%97/1%20-%20%E5%89%AF%E6%9C%AC%20%289%29/O1CN01awLIQL1T1ysRqvuSf_%21%212358342323.jpg",
        "deleted": 0
      },
      {
        "created": "2023-04-30T06:19:32.000+00:00",
        "updated": null,
        "id": 6,
        "goodsName": "Midea/美的大1.5匹p空调",
        "price": 3399,
        "goodsContent": "CCC证书编号: 2020010703276793空调品牌: Midea/美的美的空调型号: KFR-35GW/功能: 除菌空调功率: 大1.5匹售后服务: ",
        "goodsTag": "家居",
        "picture": "https://tanhua-zxm.oss-cn-hangzhou.aliyuncs.com/%E5%B0%8F%E7%BA%A2%E4%B9%A6/%E5%95%86%E5%93%81/%E6%8E%A8%E8%8D%90/1%20-%20%E5%89%AF%E6%9C%AC%20%285%29/O1CN01ruQZwz1rUQBFTvXFY_%21%212210852105634.jpg",
        "deleted": 0
      },
      {
        "created": "2023-04-30T06:20:13.000+00:00",
        "updated": null,
        "id": 45,
        "goodsName": "郁金香垃圾桶网红ins风家用大容量客厅小宿舍卧室厨房卫生间轻奢",
        "price": 137,
        "goodsContent": "品牌: STIMULATE RECORDS/激志容量: 12L形状: 圆桶形颜色分类: 圆形小号+20只垃圾袋-内外双桶 圆形大号+20只垃圾袋-内外双桶 ",
        "goodsTag": "宝藏好店",
        "picture": "https://tanhua-zxm.oss-cn-hangzhou.aliyuncs.com/%E5%B0%8F%E7%BA%A2%E4%B9%A6/%E5%95%86%E5%93%81/%E5%AE%9D%E8%97%8F%E5%A5%BD%E5%BA%97/1%20-%20%E5%89%AF%E6%9C%AC%20%284%29/O1CN016fevbe1Rfi0p00B7G_%21%212917322139.jpg",
        "deleted": 0
      },
      {
        "created": "2023-04-30T06:19:20.000+00:00",
        "updated": null,
        "id": 2,
        "goodsName": "德古德训鞋",
        "price": 200,
        "goodsContent": "品牌: Lidaren Produced闭合方式: 系带尺码: 34 35 36 37 38 39 40 41 42图案: 拼色风格: 韩版流行元素: 交叉绑带 拼色后跟高: 平跟颜色分类: 白色 真皮白 白色（厚底） 真皮白（厚底）货号: 1926-1上市年份季节",
        "goodsTag": "家居",
        "picture": "https://tanhua-zxm.oss-cn-hangzhou.aliyuncs.com/%E5%B0%8F%E7%BA%A2%E4%B9%A6/%E5%95%86%E5%93%81/%E6%8E%A8%E8%8D%90/1%20-%20%E5%89%AF%E6%9C%AC/O1CN01NVGvsc2AORhBr9xI0_%21%21127138193.jpg",
        "deleted": 0
      },
      {
        "created": "2023-04-30T06:19:32.000+00:00",
        "updated": null,
        "id": 6,
        "goodsName": "Midea/美的大1.5匹p空调",
        "price": 3399,
        "goodsContent": "CCC证书编号: 2020010703276793空调品牌: Midea/美的美的空调型号: KFR-35GW/功能: 除菌空调功率: 大1.5匹售后服务: ",
        "goodsTag": "家居",
        "picture": "https://tanhua-zxm.oss-cn-hangzhou.aliyuncs.com/%E5%B0%8F%E7%BA%A2%E4%B9%A6/%E5%95%86%E5%93%81/%E6%8E%A8%E8%8D%90/1%20-%20%E5%89%AF%E6%9C%AC%20%285%29/O1CN01ruQZwz1rUQBFTvXFY_%21%212210852105634.jpg",
        "deleted": 0
      },
      {
        "created": "2023-04-30T06:19:35.000+00:00",
        "updated": null,
        "id": 8,
        "goodsName": "家居家义乌商贸城小商品小百货",
        "price": 0.88,
        "goodsContent": "：包装种类: 其他颜色分类: 薄款 厚款适用对象: 其他礼品类别: 其他礼品",
        "goodsTag": "家居",
        "picture": "https://tanhua-zxm.oss-cn-hangzhou.aliyuncs.com/%E5%B0%8F%E7%BA%A2%E4%B9%A6/%E5%95%86%E5%93%81/%E6%8E%A8%E8%8D%90/1%20-%20%E5%89%AF%E6%9C%AC%20%287%29/O1CN014nTnRg26qbQWlLWvQ_%21%211712577713.jpg",
        "deleted": 0
      },
      {
        "created": "2023-04-30T06:19:36.000+00:00",
        "updated": null,
        "id": 10,
        "goodsName": "日本进口MUJIΕ家居厨房用品用具小百货",
        "price": 75,
        "goodsContent": "品牌: MUJIE/慕杰包装种类: 其他颜色分类: 轻奢蓝 轻奢白",
        "goodsTag": "家居",
        "picture": "https://tanhua-zxm.oss-cn-hangzhou.aliyuncs.com/%E5%B0%8F%E7%BA%A2%E4%B9%A6/%E5%95%86%E5%93%81/%E6%8E%A8%E8%8D%90/1%20-%20%E5%89%AF%E6%9C%AC%20%289%29/O1CN011bNU8X2GVfgP5OhjX_%21%212200567069021.jpg",
        "deleted": 0
      },
      {
        "created": "2023-04-30T06:20:13.000+00:00",
        "updated": null,
        "id": 44,
        "goodsName": "硅藻泥速干软地垫浴室卫生间门口吸水防滑脚垫子",
        "price": 76,
        "goodsContent": "品牌: 怡沁园材质: 硅藻泥图案: 卡通动漫风格: 简约现代产地: 中国大陆省份: 浙江省地市: 绍兴市尺寸: 40*60cm【加厚约4.0mm丨买一送一 ",
        "goodsTag": "宝藏好店",
        "picture": "https://tanhua-zxm.oss-cn-hangzhou.aliyuncs.com/%E5%B0%8F%E7%BA%A2%E4%B9%A6/%E5%95%86%E5%93%81/%E5%AE%9D%E8%97%8F%E5%A5%BD%E5%BA%97/1%20-%20%E5%89%AF%E6%9C%AC%20%283%29/O1CN01OCxSv51Rfi0naXaV0_%21%212917322139.jpg",
        "deleted": 0
      },
      {
        "created": "2023-04-30T06:19:53.000+00:00",
        "updated": null,
        "id": 24,
        "goodsName": "美式复古后背印花t恤男短袖潮牌百搭潮流打底衫外贸尾单男装上衣",
        "price": 149,
        "goodsContent": "品牌: rxvuq尺码: M L XL 2XL 3XL面料分类: 棉毛布花型图案: 字母/数字/文字领型: 圆领颜色: 白色 湖蓝色 藏青色 铁灰色袖型: 常规货号: 28519细分风格: 美式休闲基础风格: 青春流行品牌类型: 时尚潮牌适用季节: 夏季上市年份季节: 2023年夏季袖长: 短袖厚薄: 常规适用场景: 其他休闲版型: 修身款式细节: 印花服饰工艺: 水洗适用对象: 青年印花主题: 复古民族",
        "goodsTag": "潮流",
        "picture": "https://tanhua-zxm.oss-cn-hangzhou.aliyuncs.com/%E5%B0%8F%E7%BA%A2%E4%B9%A6/%E5%95%86%E5%93%81/%E6%BD%AE%E6%B5%81/1%20-%20%E5%89%AF%E6%9C%AC%20%283%29/O1CN01h2Q7Lm2I5E5RSAqfs_%21%212850899234.jpg",
        "deleted": 0
      },
      {
        "created": "2023-04-30T06:20:04.000+00:00",
        "updated": null,
        "id": 38,
        "goodsName": "日本ZD妈咪包新款时尚外出大容量多功能母婴包背包妈妈双肩包",
        "price": 336,
        "goodsContent": "品牌: ZIZI DONOHOE型号: 52785224适用年龄: 新生 3个月 6个月 12个月 18个月 2岁 9个月面料: 混纺风格: 休闲适用性别: 男女通用颜色分类: 绿色+送床垫 黑色+送床垫 灰色+送床垫 粉配灰升级款+送床垫 蓝色款升级款+送床垫",
        "goodsTag": "其它",
        "picture": "https://tanhua-zxm.oss-cn-hangzhou.aliyuncs.com/%E5%B0%8F%E7%BA%A2%E4%B9%A6/%E5%95%86%E5%93%81/%E5%85%B6%E5%AE%83/new%20-%20%E5%89%AF%E6%9C%AC%20%287%29/O1CN012YectV1bwmoF5KzrY_%21%21908003530.jpg",
        "deleted": 0
      },
      {
        "created": "2023-04-30T06:19:47.000+00:00",
        "updated": null,
        "id": 21,
        "goodsName": "F重磅230g夏季FORNINES刺绣FOR9插肩袖短袖T恤男上衣潮牌宽松半袖",
        "price": 68,
        "goodsContent": "品牌: 其它/other尺码: M L XL 2XL花型图案: 字母/数字/文字领型: 圆领颜色: 咖啡色 黑色 军绿色袖型: 插肩袖细分风格: 美式休闲基础风格: 青春流行适用季节: 夏季上市年份季节: 2023年夏季袖长: 短袖厚薄: 常规适用场景: 日常版型: 宽松型款式细节: 绣花服饰工艺: 刺绣适用对象: 青年印花主题: 文字思想",
        "goodsTag": "潮流",
        "picture": "https://tanhua-zxm.oss-cn-hangzhou.aliyuncs.com/%E5%B0%8F%E7%BA%A2%E4%B9%A6/%E5%95%86%E5%93%81/%E6%BD%AE%E6%B5%81/1/O1CN01Ann8ZI2AxiHpiJe9G_%21%21862068270.jpg",
        "deleted": 0
      },
      {
        "created": "2023-04-30T06:20:11.000+00:00",
        "updated": null,
        "id": 43,
        "goodsName": "益伟免手洗海绵拖把",
        "price": 295,
        "goodsContent": "产品名称: 益伟 yw-20品牌: 益伟型号: YW-20颜色分类: 28cm加厚海绵拖把+1棉头/天蓝【不锈钢杆】 28cm加厚海绵拖把+1棉头/卡其【不锈钢杆】",
        "goodsTag": "宝藏好店",
        "picture": "https://tanhua-zxm.oss-cn-hangzhou.aliyuncs.com/%E5%B0%8F%E7%BA%A2%E4%B9%A6/%E5%95%86%E5%93%81/%E5%AE%9D%E8%97%8F%E5%A5%BD%E5%BA%97/1%20-%20%E5%89%AF%E6%9C%AC%20%282%29/O1CN011FDEHI1Rfi0nYMutz_%21%212917322139.jpg",
        "deleted": 0
      }
    ]
  }}