{"data": [
    {
      "created": null,
      "updated": null,
      "id": 1,
      "goodsName": "创意家居生活用品",
      "price": 18.5,
      "goodsContent": "品牌: 小凡家居风格: 时尚包装种类:",
      "goodsTag": "推荐",
      "picture": "https://tanhua-zxm.oss-cn-hangzhou.aliyuncs.com/%E5%B0%8F%E7%BA%A2%E4%B9%A6/%E5%95%86%E5%93%81/%E6%8E%A8%E8%8D%90/1/O1CN0160sQnm23r793wD3S8_%21%21267817308.jpg"
    },
    {
      "created": null,
      "updated": null,
      "id": 17,
      "goodsName": "大学生活住校生宿舍用品",
      "price": 11.19,
      "goodsContent": "包装种类: 其他颜色分类: 1个装【黑色】 1个装【白色】 2个装【黑色】",
      "goodsTag": "平价",
      "picture": "https://tanhua-zxm.oss-cn-hangzhou.aliyuncs.com/%E5%B0%8F%E7%BA%A2%E4%B9%A6/%E5%95%86%E5%93%81/%E5%B9%B3%E4%BB%B7/new%20-%20%E5%89%AF%E6%9C%AC%20%286%29/O1CN019bhUR925IsqFVRR5j_%21%211660857504.jpg"
    },
    {
      "created": null,
      "updated": null,
      "id": 31,
      "goodsName": "居家居厨房卫生间用品家用大全生活用具小百货小物件各种清洁神器",
      "price": 36.5,
      "goodsContent": "材质: 树脂风格: 北欧风格安装方式: 免打孔颜色分类: 薰衣草紫1包30片 薰衣草紫2包60片 薰衣草紫3包90片 薰衣草紫5包150片 薰衣草紫10包300片 海洋蓝1包30片 海洋蓝2包60片 海洋蓝3包90片 海洋蓝5包150片 海洋蓝10包300片层数: 1层是否手工: 否",
      "goodsTag": "其它",
      "picture": "https://tanhua-zxm.oss-cn-hangzhou.aliyuncs.com/%E5%B0%8F%E7%BA%A2%E4%B9%A6/%E5%95%86%E5%93%81/%E5%85%B6%E5%AE%83/new/O1CN013UlTrR21tHrUNTpuB_%21%212375307042.jpg"
    },
    {
      "created": null,
      "updated": null,
      "id": 32,
      "goodsName": "厨房用品家用大全生活用具小百货厨具小物件家居各种居家除锈神器",
      "price": 23.8,
      "goodsContent": "包装种类: 简装颜色分类: 小瓶装【4瓶】共400ml 小瓶装【2瓶】共200ml 小瓶装【1瓶】100ml【试用装】 大瓶装【1瓶】350ml【热销装】 大瓶装【2瓶】350ml【实惠装】适用对象: 其他礼品类别: 其他礼品",
      "goodsTag": "其它",
      "picture": "https://tanhua-zxm.oss-cn-hangzhou.aliyuncs.com/%E5%B0%8F%E7%BA%A2%E4%B9%A6/%E5%95%86%E5%93%81/%E5%85%B6%E5%AE%83/new%20-%20%E5%89%AF%E6%9C%AC/O1CN016aQO1G1PcqCYVOOM0_%21%213452661862.jpg"
    },
    {
      "created": null,
      "updated": null,
      "id": 33,
      "goodsName": "家居家用小东西居家生活日用品家庭厨房卫生间用品用具小百货大全",
      "price": 13.66,
      "goodsContent": "品牌: other/其他包装种类: 简装颜色分类: S码100只（TPE韧性强加厚） M码100只（TPE韧性强加厚） L码100只（TPE韧性强加厚） S码200只（TPE韧性强加厚） M码200只（TPE韧性强加厚） L码200只（TPE韧性强加厚）适用对象: 其他礼品类别: 其他礼品 创意类礼品",
      "goodsTag": "其它",
      "picture": "https://tanhua-zxm.oss-cn-hangzhou.aliyuncs.com/%E5%B0%8F%E7%BA%A2%E4%B9%A6/%E5%95%86%E5%93%81/%E5%85%B6%E5%AE%83/new%20-%20%E5%89%AF%E6%9C%AC%20%282%29/O1CN01ZUcoXp1dYAk1CN2RE_%21%212182353747.jpg"
    }
  ]}