{"data": {
    "records": [
      {
        "created": "2023-04-30T06:19:17.000+00:00",
        "updated": null,
        "id": 1,
        "goodsName": "创意家居生活用品",
        "price": 18.5,
        "goodsContent": "品牌: 小凡家居风格: 时尚包装种类:",
        "goodsTag": "家居",
        "picture": "https://tanhua-zxm.oss-cn-hangzhou.aliyuncs.com/%E5%B0%8F%E7%BA%A2%E4%B9%A6/%E5%95%86%E5%93%81/%E6%8E%A8%E8%8D%90/1/O1CN0160sQnm23r793wD3S8_%21%21267817308.jpg",
        "returnRate": 0.3,
        "deleted": 0
      },
      {
        "created": "2023-04-30T06:19:20.000+00:00",
        "updated": null,
        "id": 2,
        "goodsName": "德古德训鞋",
        "price": 200,
        "goodsContent": "品牌: Lidaren Produced闭合方式: 系带尺码: 34 35 36 37 38 39 40 41 42图案: 拼色风格: 韩版流行元素: 交叉绑带 拼色后跟高: 平跟颜色分类: 白色 真皮白 白色（厚底） 真皮白（厚底）货号: 1926-1上市年份季节",
        "goodsTag": "家居",
        "picture": "https://tanhua-zxm.oss-cn-hangzhou.aliyuncs.com/%E5%B0%8F%E7%BA%A2%E4%B9%A6/%E5%95%86%E5%93%81/%E6%8E%A8%E8%8D%90/1%20-%20%E5%89%AF%E6%9C%AC/O1CN01NVGvsc2AORhBr9xI0_%21%21127138193.jpg",
        "returnRate": 0.2,
        "deleted": 0
      },
      {
        "created": "2023-04-30T06:19:22.000+00:00",
        "updated": null,
        "id": 3,
        "goodsName": "德训鞋女款小众复古奶茶阿甘鞋小白鞋",
        "price": 87.9,
        "goodsContent": "日常跟底款式: 平底鞋底材质: 橡胶内里材质: 超细纤维适用对象: 青年开口深度: 浅口鞋制作工艺: 胶粘鞋款式: 德训鞋帮面材质: 二层牛皮（除牛反绒）",
        "goodsTag": "家居",
        "picture": "https://tanhua-zxm.oss-cn-hangzhou.aliyuncs.com/%E5%B0%8F%E7%BA%A2%E4%B9%A6/%E5%95%86%E5%93%81/%E6%8E%A8%E8%8D%90/1%20-%20%E5%89%AF%E6%9C%AC%20%282%29/O1CN01VgnYNI1c6PFEHC7aE_%21%21876273551.jpg",
        "returnRate": 0.2,
        "deleted": 0
      },
      {
        "created": "2023-04-30T06:19:24.000+00:00",
        "updated": null,
        "id": 4,
        "goodsName": "舍涂Shetu小众三原康裕骨头溶解鞋",
        "price": 178,
        "goodsContent": "品牌: 舍涂功能: 增高闭合方式: 系带尺码: 35女码（现货） 36女码（现货） 37女码（现货 修面皮鞋制作工艺: 胶粘鞋鞋面材质: 二层牛皮（除牛反绒）鞋垫材质: 头层猪皮款式: 板鞋销售渠道类型: 纯电商(只在线上销售)",
        "goodsTag": "家居",
        "picture": "https://tanhua-zxm.oss-cn-hangzhou.aliyuncs.com/%E5%B0%8F%E7%BA%A2%E4%B9%A6/%E5%95%86%E5%93%81/%E6%8E%A8%E8%8D%90/1%20-%20%E5%89%AF%E6%9C%AC%20%283%29/O1CN017sHkIQ2A6aEFmxroN_%21%21677978154.jpg",
        "returnRate": 0.3,
        "deleted": 0
      },
      {
        "created": "2023-04-30T06:19:28.000+00:00",
        "updated": null,
        "id": 5,
        "goodsName": "冬季真皮马丁靴男切尔西靴子",
        "price": 583,
        "goodsContent": "品牌: other/其他功能: 耐磨闭合方式: 系带尺码: 38 39 40 41 42 43 44风格: 厚底鞋底材质: 橡胶鞋面内里材质: 二层猪皮适用对象: 青年（18-40周岁）真皮材质工艺: 磨砂皮鞋面材质: 头层猪皮鞋垫材质: 头层猪皮款式: 马丁靴靴筒材质: 头层猪皮靴筒内里材质: 头层猪皮",
        "goodsTag": "家居",
        "picture": "https://tanhua-zxm.oss-cn-hangzhou.aliyuncs.com/%E5%B0%8F%E7%BA%A2%E4%B9%A6/%E5%95%86%E5%93%81/%E6%8E%A8%E8%8D%90/1%20-%20%E5%89%AF%E6%9C%AC%20%284%29/O1CN01p46qH51OA9mG1lHA6_%21%212259221664.jpg",
        "returnRate": 0.2,
        "deleted": 0
      },
      {
        "created": "2023-04-30T06:19:32.000+00:00",
        "updated": null,
        "id": 6,
        "goodsName": "Midea/美的大1.5匹p空调",
        "price": 3399,
        "goodsContent": "CCC证书编号: 2020010703276793空调品牌: Midea/美的美的空调型号: KFR-35GW/功能: 除菌空调功率: 大1.5匹售后服务: ",
        "goodsTag": "家居",
        "picture": "https://tanhua-zxm.oss-cn-hangzhou.aliyuncs.com/%E5%B0%8F%E7%BA%A2%E4%B9%A6/%E5%95%86%E5%93%81/%E6%8E%A8%E8%8D%90/1%20-%20%E5%89%AF%E6%9C%AC%20%285%29/O1CN01ruQZwz1rUQBFTvXFY_%21%212210852105634.jpg",
        "returnRate": 0.3,
        "deleted": 0
      },
      {
        "created": "2023-04-30T06:19:34.000+00:00",
        "updated": null,
        "id": 7,
        "goodsName": "新品国行Dyson戴森吹风机",
        "price": 2840,
        "goodsContent": "产品名称: dyson/戴森 HD08电吹风品牌: dyson/戴森型号: HD08功能: 冷热风 护发售后服务: 全国联保产地:",
        "goodsTag": "家居",
        "picture": "https://tanhua-zxm.oss-cn-hangzhou.aliyuncs.com/%E5%B0%8F%E7%BA%A2%E4%B9%A6/%E5%95%86%E5%93%81/%E6%8E%A8%E8%8D%90/1%20-%20%E5%89%AF%E6%9C%AC%20%286%29/O1CN01cYLzTh1caAvEl5B11_%21%211777573616.jpg",
        "returnRate": 0.5,
        "deleted": 0
      },
      {
        "created": "2023-04-30T06:19:35.000+00:00",
        "updated": null,
        "id": 8,
        "goodsName": "家居家义乌商贸城小商品小百货",
        "price": 0.88,
        "goodsContent": "：包装种类: 其他颜色分类: 薄款 厚款适用对象: 其他礼品类别: 其他礼品",
        "goodsTag": "家居",
        "picture": "https://tanhua-zxm.oss-cn-hangzhou.aliyuncs.com/%E5%B0%8F%E7%BA%A2%E4%B9%A6/%E5%95%86%E5%93%81/%E6%8E%A8%E8%8D%90/1%20-%20%E5%89%AF%E6%9C%AC%20%287%29/O1CN014nTnRg26qbQWlLWvQ_%21%211712577713.jpg",
        "returnRate": 0.3,
        "deleted": 0
      },
      {
        "created": "2023-04-30T06:19:36.000+00:00",
        "updated": null,
        "id": 9,
        "goodsName": "创意居家居厨房用品用具小百货家用大全",
        "price": 8.8,
        "goodsContent": "包装种类: 其他颜色分类: 橘红 咖啡 藏青礼品类别: 其他礼品",
        "goodsTag": "家居",
        "picture": "https://tanhua-zxm.oss-cn-hangzhou.aliyuncs.com/%E5%B0%8F%E7%BA%A2%E4%B9%A6/%E5%95%86%E5%93%81/%E6%8E%A8%E8%8D%90/1%20-%20%E5%89%AF%E6%9C%AC%20%288%29/O1CN019p9OXW25IshdpAh51_%21%211660857504.jpg",
        "returnRate": 0.4,
        "deleted": 0
      },
      {
        "created": "2023-04-30T06:19:36.000+00:00",
        "updated": null,
        "id": 10,
        "goodsName": "日本进口MUJIΕ家居厨房用品用具小百货",
        "price": 75,
        "goodsContent": "品牌: MUJIE/慕杰包装种类: 其他颜色分类: 轻奢蓝 轻奢白",
        "goodsTag": "家居",
        "picture": "https://tanhua-zxm.oss-cn-hangzhou.aliyuncs.com/%E5%B0%8F%E7%BA%A2%E4%B9%A6/%E5%95%86%E5%93%81/%E6%8E%A8%E8%8D%90/1%20-%20%E5%89%AF%E6%9C%AC%20%289%29/O1CN011bNU8X2GVfgP5OhjX_%21%212200567069021.jpg",
        "returnRate": 0.2,
        "deleted": 0
      }
    ],
    "total": 50,
    "size": 10,
    "current": 1,
    "orders": [],
    "optimizeCountSql": true,
    "hitCount": false,
    "countId": null,
    "maxLimit": null,
    "searchCount": true,
    "pages": 5
  }}