{"data": [
  {
    "note": {
      "created": "2023-04-25T12:14:30.000+00:00",
      "updated": "2023-05-24T01:31:13.000+00:00",
      "id": 1,
      "userId": 1,
      "username": "xm",
      "title": "趁天还没热再来叠穿下",
      "content": "不然就来不及了",
      "tag": "家居",
      "surfacePicture": "https://tanhua-zxm.oss-cn-hangzhou.aliyuncs.com/%E5%B0%8F%E7%BA%A2%E4%B9%A6/%E7%AC%94%E8%AE%B0/%E6%8E%A8%E8%8D%90/%E8%A7%86%E9%A2%91/1/%E5%B0%81%E9%9D%A2.png",
      "praisenum": 34244,
      "collectionnum": 564,
      "deleted": 0
    },
    "user": {
      "created": "2023-04-24T12:22:55.000+00:00",
      "updated": "2023-05-31T07:42:19.000+00:00",
      "id": 1,
      "username": "xm",
      "password": "123456",
      "phone": "13850429386",
      "headphoto": "https://tanhua-zxm.oss-cn-hangzhou.aliyuncs.com/%E5%B0%8F%E7%BA%A2%E4%B9%A6/%E5%A4%B4%E5%83%8F/%E7%94%A8%E6%88%B7%E5%A4%B4%E5%83%8F/4.jpg",
      "gender": 1,
      "age": 22,
      "introduction": "无",
      "userType": "admin",
      "money": 9980730.440000001,
      "returnMoney": 10425.710000000003
    }
  },
  {
    "note": {
      "created": "2023-04-25T12:14:30.000+00:00",
      "updated": "2023-04-29T03:45:09.000+00:00",
      "id": 2,
      "userId": 1,
      "username": "xm",
      "title": "巴黎世家特卖会",
      "content": "开心看看买了啥",
      "tag": "家居",
      "surfacePicture": "https://tanhua-zxm.oss-cn-hangzhou.aliyuncs.com/%E5%B0%8F%E7%BA%A2%E4%B9%A6/%E7%AC%94%E8%AE%B0/%E6%8E%A8%E8%8D%90/%E8%A7%86%E9%A2%91/2/%E5%B0%81%E9%9D%A2.png",
      "praisenum": 1423,
      "collectionnum": 68,
      "deleted": 0
    },
    "user": {
      "created": "2023-04-25T11:21:44.000+00:00",
      "updated": "2023-05-24T11:45:03.000+00:00",
      "id": 2,
      "username": "足球张雨绮",
      "password": "123456",
      "phone": "12345678910",
      "headphoto": "https://tanhua-zxm.oss-cn-hangzhou.aliyuncs.com/%E5%B0%8F%E7%BA%A2%E4%B9%A6/%E5%A4%B4%E5%83%8F/%E7%94%A8%E6%88%B7%E5%A4%B4%E5%83%8F/6.jpg",
      "gender": 0,
      "age": 23,
      "introduction": "无",
      "userType": "normal",
      "money": 10000,
      "returnMoney": 520
    }
  },
  {
    "note": {
      "created": "2023-04-25T12:14:30.000+00:00",
      "updated": "2023-04-29T03:38:18.000+00:00",
      "id": 3,
      "userId": 2,
      "username": "足球张雨绮",
      "title": "贴地斩练习",
      "content": "新手足球练习正脚背，就要反复用30.40%的力量重复刻意的练习，慢慢你会拥有自己的射门风格",
      "tag": "家居",
      "surfacePicture": "https://tanhua-zxm.oss-cn-hangzhou.aliyuncs.com/%E5%B0%8F%E7%BA%A2%E4%B9%A6/%E7%AC%94%E8%AE%B0/%E6%8E%A8%E8%8D%90/%E8%A7%86%E9%A2%91/3/%E5%B0%81%E9%9D%A2.png",
      "praisenum": 432,
      "collectionnum": 648,
      "deleted": 0
    },
    "user": {
      "created": "2023-04-12T11:23:32.000+00:00",
      "updated": "2023-04-25T11:23:37.000+00:00",
      "id": 3,
      "username": "21克",
      "password": "123456",
      "phone": "12345678910",
      "headphoto": "https://tanhua-zxm.oss-cn-hangzhou.aliyuncs.com/%E5%B0%8F%E7%BA%A2%E4%B9%A6/%E5%A4%B4%E5%83%8F/%E7%94%A8%E6%88%B7%E5%A4%B4%E5%83%8F/7.jpg",
      "gender": 1,
      "age": 54,
      "introduction": "无",
      "userType": "normal",
      "money": 10000,
      "returnMoney": 100
    }
  }
]}