{"data": [
  {
    "note": {
      "created": "2023-04-25T12:14:30.000+00:00",
      "updated": "2023-04-25T12:14:30.000+00:00",
      "id": 6,
      "userId": 5,
      "username": "安仔",
      "title": "一个男生挚爱的6瓶香水",
      "content": "分享春夏喜欢的6支香水，都是偏清爽的气味，口碑和市场接受度都蛮高的。个人觉得还蛮适合春夏的，基本男女都可，也都是之前都陆续分享过的",
      "tag": "家居",
      "surfacePicture": "https://tanhua-zxm.oss-cn-hangzhou.aliyuncs.com/%E5%B0%8F%E7%BA%A2%E4%B9%A6/%E7%AC%94%E8%AE%B0/%E6%8E%A8%E8%8D%90/%E5%9B%BE%E7%89%87/6/4aee29f3fedda7ba36e9ab9115e96af.png",
      "praisenum": 456,
      "collectionnum": 564,
      "deleted": 0
    },
    "user": {
      "created": "2023-04-25T11:40:11.000+00:00",
      "updated": "2023-04-25T11:40:14.000+00:00",
      "id": 6,
      "username": "Jerry",
      "password": "123456",
      "phone": "12345678910",
      "headphoto": "https://tanhua-zxm.oss-cn-hangzhou.aliyuncs.com/%E5%B0%8F%E7%BA%A2%E4%B9%A6/%E5%A4%B4%E5%83%8F/%E7%94%A8%E6%88%B7%E5%A4%B4%E5%83%8F/20.jpg",
      "gender": 1,
      "age": 12,
      "introduction": "无",
      "userType": "normal",
      "money": 10000,
      "returnMoney": 100
    }
  },
  {
    "note": {
      "created": "2023-04-25T12:14:30.000+00:00",
      "updated": "2023-04-25T12:14:30.000+00:00",
      "id": 7,
      "userId": 6,
      "username": "Jerry",
      "title": "看电影",
      "content": "希望我和樱木的伤快快好哈哈哈哈",
      "tag": "家居",
      "surfacePicture": "https://tanhua-zxm.oss-cn-hangzhou.aliyuncs.com/%E5%B0%8F%E7%BA%A2%E4%B9%A6/%E7%AC%94%E8%AE%B0/%E6%8E%A8%E8%8D%90/%E5%9B%BE%E7%89%87/6/270ca884eb1950ec1a652ca3765ba4f.png",
      "praisenum": 874,
      "collectionnum": 456,
      "deleted": 0
    },
    "user": {
      "created": "2023-04-25T11:40:16.000+00:00",
      "updated": "2023-04-25T11:40:18.000+00:00",
      "id": 7,
      "username": "泡芙味的女孩子",
      "password": "123456",
      "phone": "12345678910",
      "headphoto": "https://tanhua-zxm.oss-cn-hangzhou.aliyuncs.com/%E5%B0%8F%E7%BA%A2%E4%B9%A6/%E5%A4%B4%E5%83%8F/%E7%94%A8%E6%88%B7%E5%A4%B4%E5%83%8F/21.jpg",
      "gender": 0,
      "age": 13,
      "introduction": "无",
      "userType": "normal",
      "money": 10000,
      "returnMoney": 100
    }
  },
  {
    "note": {
      "created": "2023-04-25T12:14:30.000+00:00",
      "updated": "2023-04-25T12:14:30.000+00:00",
      "id": 8,
      "userId": 7,
      "username": "泡芙味的女孩子",
      "title": "独一无二属于自己的小螃蟹",
      "content": "肉蟹煲",
      "tag": "家居",
      "surfacePicture": "https://tanhua-zxm.oss-cn-hangzhou.aliyuncs.com/%E5%B0%8F%E7%BA%A2%E4%B9%A6/%E7%AC%94%E8%AE%B0/%E6%8E%A8%E8%8D%90/%E5%9B%BE%E7%89%87/5/c4287c1f3ac5d8e6054cf48c7c824f5.png",
      "praisenum": 3456,
      "collectionnum": 864,
      "deleted": 0
    },
    "user": {
      "created": "2023-04-25T11:40:21.000+00:00",
      "updated": "2023-04-25T11:40:23.000+00:00",
      "id": 8,
      "username": "吴",
      "password": "123456",
      "phone": "12345678910",
      "headphoto": "https://tanhua-zxm.oss-cn-hangzhou.aliyuncs.com/%E5%B0%8F%E7%BA%A2%E4%B9%A6/%E5%A4%B4%E5%83%8F/%E7%94%A8%E6%88%B7%E5%A4%B4%E5%83%8F/22.jpg",
      "gender": 1,
      "age": 14,
      "introduction": "无",
      "userType": "normal",
      "money": 10000,
      "returnMoney": 100
    }
  },
  {
    "note": {
      "created": "2023-04-25T12:14:30.000+00:00",
      "updated": "2023-04-25T12:14:30.000+00:00",
      "id": 9,
      "userId": 8,
      "username": "吴",
      "title": "Tequila Sunrise",
      "content": "夏天就是积攒美好回忆的",
      "tag": "家居",
      "surfacePicture": "https://tanhua-zxm.oss-cn-hangzhou.aliyuncs.com/%E5%B0%8F%E7%BA%A2%E4%B9%A6/%E7%AC%94%E8%AE%B0/%E6%8E%A8%E8%8D%90/%E5%9B%BE%E7%89%87/6/270ca884eb1950ec1a652ca3765ba4f.png",
      "praisenum": 3333,
      "collectionnum": 568,
      "deleted": 0
    },
    "user": {
      "created": "2023-04-25T11:40:26.000+00:00",
      "updated": null,
      "id": 9,
      "username": "HushOfficial",
      "password": "123456",
      "phone": "12345678910",
      "headphoto": "https://tanhua-zxm.oss-cn-hangzhou.aliyuncs.com/%E5%B0%8F%E7%BA%A2%E4%B9%A6/%E5%A4%B4%E5%83%8F/%E7%94%A8%E6%88%B7%E5%A4%B4%E5%83%8F/23.jpg",
      "gender": 1,
      "age": 15,
      "introduction": "无",
      "userType": "normal",
      "money": 10000,
      "returnMoney": 100
    }
  }
]}