{"data": {
    "records": [
      {
        "created": "2023-04-25T12:14:30.000+00:00",
        "updated": "2023-04-25T12:14:30.000+00:00",
        "id": 1,
        "userId": 1,
        "username": "xm",
        "title": "趁天还没热再来叠穿下",
        "content": "不然就来不及了",
        "tag": "推荐",
        "surfacePicture": "https://tanhua-zxm.oss-cn-hangzhou.aliyuncs.com/%E5%B0%8F%E7%BA%A2%E4%B9%A6/%E7%AC%94%E8%AE%B0/%E6%8E%A8%E8%8D%90/%E8%A7%86%E9%A2%91/1/%E5%B0%81%E9%9D%A2.png",
        "praisenum": 34244,
        "deleted": 0
      },
      {
        "created": "2023-04-25T12:14:30.000+00:00",
        "updated": "2023-04-25T12:14:30.000+00:00",
        "id": 2,
        "userId": 1,
        "username": "xm",
        "title": "巴黎世家特卖会",
        "content": "开心看看买了啥",
        "tag": "推荐",
        "surfacePicture": "https://tanhua-zxm.oss-cn-hangzhou.aliyuncs.com/%E5%B0%8F%E7%BA%A2%E4%B9%A6/%E7%AC%94%E8%AE%B0/%E6%8E%A8%E8%8D%90/%E8%A7%86%E9%A2%91/2/%E5%B0%81%E9%9D%A2.png",
        "praisenum": 1423,
        "deleted": 0
      },
      {
        "created": "2023-04-25T12:14:30.000+00:00",
        "updated": "2023-04-25T12:14:30.000+00:00",
        "id": 14,
        "userId": 1,
        "username": "xm",
        "title": "让我看看到底有啥不一样",
        "content": "ererer",
        "tag": "穿搭",
        "surfacePicture": "https://tanhua-zxm.oss-cn-hangzhou.aliyuncs.com/%E5%B0%8F%E7%BA%A2%E4%B9%A6/%E7%AC%94%E8%AE%B0/%E7%A9%BF%E6%90%AD/%E5%9B%BE%E7%89%87/1/4.png",
        "praisenum": 963,
        "deleted": 0
      },
      {
        "created": "2023-04-25T12:14:30.000+00:00",
        "updated": "2023-04-25T12:14:30.000+00:00",
        "id": 15,
        "userId": 1,
        "username": "xm",
        "title": "小高最近 ",
        "content": "看到自己在商场里啦！开心嘿嘿",
        "tag": "穿搭",
        "surfacePicture": "https://tanhua-zxm.oss-cn-hangzhou.aliyuncs.com/%E5%B0%8F%E7%BA%A2%E4%B9%A6/%E7%AC%94%E8%AE%B0/%E7%A9%BF%E6%90%AD/%E5%9B%BE%E7%89%87/2/5.png",
        "praisenum": 6433,
        "deleted": 0
      },
      {
        "created": "2023-04-25T12:14:30.000+00:00",
        "updated": "2023-04-25T12:14:30.000+00:00",
        "id": 16,
        "userId": 1,
        "username": "xm",
        "title": "变回21年卷毛偷米咯",
        "content": "期待一下罗鼠准备筹备巡演啦！",
        "tag": "穿搭",
        "surfacePicture": "https://tanhua-zxm.oss-cn-hangzhou.aliyuncs.com/%E5%B0%8F%E7%BA%A2%E4%B9%A6/%E7%AC%94%E8%AE%B0/%E7%A9%BF%E6%90%AD/%E5%9B%BE%E7%89%87/3/fa48205a52d4656ae5ba2c0442ee281.png",
        "praisenum": 4562,
        "deleted": 0
      },
      {
        "created": "2023-04-25T12:14:30.000+00:00",
        "updated": "2023-04-25T12:14:30.000+00:00",
        "id": 24,
        "userId": 1,
        "username": "xm",
        "title": "真实经历，这些坑希望你在平潭千万不要踩",
        "content": "血泪教训，想近期平潭环岛游的uu们请收下这份环岛拍照/路线攻略和避坑指南！",
        "tag": "旅行",
        "surfacePicture": "https://tanhua-zxm.oss-cn-hangzhou.aliyuncs.com/%E5%B0%8F%E7%BA%A2%E4%B9%A6/%E7%AC%94%E8%AE%B0/%E6%97%85%E8%A1%8C/%E5%9B%BE%E7%89%87/1/28eb92a6ea0dcfa9819da74027fb81f.png",
        "praisenum": 433,
        "deleted": 0
      },
      {
        "created": "2023-04-25T12:14:30.000+00:00",
        "updated": "2023-04-25T12:14:30.000+00:00",
        "id": 25,
        "userId": 1,
        "username": "xm",
        "title": "上海City walk 陆家嘴",
        "content": "陆家嘴网红三件套云朵书店震旦博物馆浦东美术馆东方明珠\r\n全程步行：3km，需要花费一天时间 7-8H\r\n路线包括：拍照+博物馆+艺术展+东方明珠\r\n沿途风景：很多地标性建筑，只要来上海必走路线，相比外滩人山人海，陆家嘴不拥挤的美景更值得",
        "tag": "旅行",
        "surfacePicture": "https://tanhua-zxm.oss-cn-hangzhou.aliyuncs.com/%E5%B0%8F%E7%BA%A2%E4%B9%A6/%E7%AC%94%E8%AE%B0/%E6%97%85%E8%A1%8C/%E5%9B%BE%E7%89%87/2/29e232bd30e6b22787a7351a0126e95.png",
        "praisenum": 7864,
        "deleted": 0
      },
      {
        "created": "2023-04-25T12:14:30.000+00:00",
        "updated": "2023-04-25T12:14:30.000+00:00",
        "id": 26,
        "userId": 1,
        "username": "xm",
        "title": "大二学生穷游威海",
        "content": "总要去一次威海吧",
        "tag": "旅行",
        "surfacePicture": "https://tanhua-zxm.oss-cn-hangzhou.aliyuncs.com/%E5%B0%8F%E7%BA%A2%E4%B9%A6/%E7%AC%94%E8%AE%B0/%E6%97%85%E8%A1%8C/%E5%9B%BE%E7%89%87/3/f7228ecc01bb58ea03b9098e3732050.png",
        "praisenum": 346,
        "deleted": 0
      },
      {
        "created": "2023-04-25T12:14:30.000+00:00",
        "updated": "2023-04-25T12:14:30.000+00:00",
        "id": 38,
        "userId": 1,
        "username": "xm",
        "title": "分享近期在厦门吃到的...（非常好次的合集）",
        "content": "厦门美食，我的美食日记",
        "tag": "美食",
        "surfacePicture": "https://tanhua-zxm.oss-cn-hangzhou.aliyuncs.com/%E5%B0%8F%E7%BA%A2%E4%B9%A6/%E7%AC%94%E8%AE%B0/%E7%BE%8E%E9%A3%9F/%E5%9B%BE%E7%89%87/5/5f3870abfd29bc015a91db365085d9b.png",
        "praisenum": 45,
        "deleted": 0
      },
      {
        "created": "2023-04-25T12:14:30.000+00:00",
        "updated": "2023-04-25T12:14:30.000+00:00",
        "id": 39,
        "userId": 1,
        "username": "xm",
        "title": "1r多早餐店倒闭有它一半责任！",
        "content": "往外直透油的肉包子！谁懂啊啊啊！！",
        "tag": "美食",
        "surfacePicture": "https://tanhua-zxm.oss-cn-hangzhou.aliyuncs.com/%E5%B0%8F%E7%BA%A2%E4%B9%A6/%E7%AC%94%E8%AE%B0/%E7%BE%8E%E9%A3%9F/%E5%9B%BE%E7%89%87/6/7246eb9b57ee9a4e7c2d91bd37901df.png",
        "praisenum": 665,
        "deleted": 0
      }
    ],
    "total": 14,
    "size": 10,
    "current": 1,
    "orders": [],
    "optimizeCountSql": true,
    "hitCount": false,
    "countId": null,
    "maxLimit": null,
    "searchCount": true,
    "pages": 2
  }}