{
  "推荐笔记": [
    {
      "note": {
        "created": "2023-04-25T12:14:30.000+00:00",
        "updated": "2023-04-29T03:45:09.000+00:00",
        "id": 24,
        "userId": 1,
        "username": "xm",
        "title": "真实经历，这些坑希望你在平潭千万不要踩",
        "content": "血泪教训，想近期平潭环岛游的uu们请收下这份环岛拍照/路线攻略和避坑指南！",
        "tag": "旅行",
        "surfacePicture": "https://tanhua-zxm.oss-cn-hangzhou.aliyuncs.com/%E5%B0%8F%E7%BA%A2%E4%B9%A6/%E7%AC%94%E8%AE%B0/%E6%97%85%E8%A1%8C/%E5%9B%BE%E7%89%87/1/28eb92a6ea0dcfa9819da74027fb81f.png",
        "praisenum": 433,
        "collectionnum": 456,
        "deleted": 0
      },
      "user": {
        "created": "2023-04-24T12:22:55.000+00:00",
        "updated": "2023-05-04T07:17:47.000+00:00",
        "id": 1,
        "username": "xm",
        "password": "123456",
        "phone": "13850429386",
        "headphoto": "https://tanhua-zxm.oss-cn-hangzhou.aliyuncs.com/%E5%B0%8F%E7%BA%A2%E4%B9%A6/%E5%A4%B4%E5%83%8F/%E7%94%A8%E6%88%B7%E5%A4%B4%E5%83%8F/4.jpg",
        "gender": 1,
        "age": 22,
        "introduction": "无",
        "userType": "admin"
      }
    },
    {
      "note": {
        "created": "2023-04-25T12:14:30.000+00:00",
        "updated": "2023-04-25T12:14:30.000+00:00",
        "id": 31,
        "userId": 24,
        "username": "驰名",
        "title": "第一次来长沙玩的姐妹进来",
        "content": "长沙好吃的真的太多啦！一条视频根本讲不完",
        "tag": "美食",
        "surfacePicture": "https://tanhua-zxm.oss-cn-hangzhou.aliyuncs.com/%E5%B0%8F%E7%BA%A2%E4%B9%A6/%E7%AC%94%E8%AE%B0/%E7%BE%8E%E9%A3%9F/%E8%A7%86%E9%A2%91/1/%E5%B0%81%E9%9D%A2.png",
        "praisenum": 458,
        "collectionnum": 56,
        "deleted": 0
      },
      "user": {
        "created": "2023-04-25T11:41:00.000+00:00",
        "updated": null,
        "id": 24,
        "username": "驰名",
        "password": "123456",
        "phone": "12345678910",
        "headphoto": "https://tanhua-zxm.oss-cn-hangzhou.aliyuncs.com/%E5%B0%8F%E7%BA%A2%E4%B9%A6/%E5%A4%B4%E5%83%8F/%E7%94%A8%E6%88%B7%E5%A4%B4%E5%83%8F/4.jpg",
        "gender": 1,
        "age": 30,
        "introduction": "无",
        "userType": "normal"
      }
    },
    {
      "note": {
        "created": "2023-04-25T12:14:30.000+00:00",
        "updated": "2023-04-25T12:14:30.000+00:00",
        "id": 33,
        "userId": 26,
        "username": "Vanessa",
        "title": "breakfast蒜香芝士厚吐司",
        "content": "早餐不知道吃什么的姐们快试试这款蒜香吐司 口感真的绝了！外脆里嫩搭配芝士好吃到停不下来",
        "tag": "美食",
        "surfacePicture": "https://tanhua-zxm.oss-cn-hangzhou.aliyuncs.com/%E5%B0%8F%E7%BA%A2%E4%B9%A6/%E7%AC%94%E8%AE%B0/%E7%BE%8E%E9%A3%9F/%E8%A7%86%E9%A2%91/3/%E5%B0%81%E9%9D%A2.png",
        "praisenum": 356,
        "collectionnum": 546,
        "deleted": 0
      },
      "user": {
        "created": "2023-04-25T11:41:02.000+00:00",
        "updated": null,
        "id": 26,
        "username": "Vanessa",
        "password": "123456",
        "phone": "12345678910",
        "headphoto": "https://tanhua-zxm.oss-cn-hangzhou.aliyuncs.com/%E5%B0%8F%E7%BA%A2%E4%B9%A6/%E5%A4%B4%E5%83%8F/%E7%94%A8%E6%88%B7%E5%A4%B4%E5%83%8F/41.jpg",
        "gender": 1,
        "age": 32,
        "introduction": "无",
        "userType": "normal"
      }
    },
    {
      "note": {
        "created": "2023-04-25T12:14:30.000+00:00",
        "updated": "2023-04-25T12:14:30.000+00:00",
        "id": 13,
        "userId": 12,
        "username": "麻豆同学",
        "title": "双矮子乐时髦又百搭的厚底鞋 无痛增高",
        "content": "你们期待已久的增高鞋分享来咯\r\n都是比较时髦又有点复古味道的厚底鞋\r\n在我这里出镜率也是超高的！\r\n这几款不论是配色上还是舒适度都没话说\r\n主要真的显高又显瘦",
        "tag": "穿搭",
        "surfacePicture": "https://tanhua-zxm.oss-cn-hangzhou.aliyuncs.com/%E5%B0%8F%E7%BA%A2%E4%B9%A6/%E7%AC%94%E8%AE%B0/%E7%A9%BF%E6%90%AD/%E8%A7%86%E9%A2%91/2/2.png",
        "praisenum": 3547,
        "collectionnum": 897,
        "deleted": 0
      },
      "user": {
        "created": "2023-04-25T11:40:33.000+00:00",
        "updated": null,
        "id": 12,
        "username": "麻豆同学",
        "password": "123456",
        "phone": "12345678910",
        "headphoto": "https://tanhua-zxm.oss-cn-hangzhou.aliyuncs.com/%E5%B0%8F%E7%BA%A2%E4%B9%A6/%E5%A4%B4%E5%83%8F/%E7%94%A8%E6%88%B7%E5%A4%B4%E5%83%8F/27.jpg",
        "gender": 0,
        "age": 18,
        "introduction": "无",
        "userType": "normal"
      }
    },
    {
      "note": {
        "created": "2023-04-25T12:14:30.000+00:00",
        "updated": "2023-04-25T12:14:30.000+00:00",
        "id": 41,
        "userId": 31,
        "username": "票",
        "title": "拍烂片？败名声？到底图什么？",
        "content": "3楼跳下来 背摔没有任何措施，别催牛逼 我不信。什么概念 ",
        "tag": "其它",
        "surfacePicture": "https://tanhua-zxm.oss-cn-hangzhou.aliyuncs.com/%E5%B0%8F%E7%BA%A2%E4%B9%A6/%E7%AC%94%E8%AE%B0/%E5%85%B6%E5%AE%83/%E8%A7%86%E9%A2%91/1/%E5%B0%81%E9%9D%A2.png",
        "praisenum": 6543,
        "collectionnum": 6,
        "deleted": 0
      },
      "user": {
        "created": "2023-04-25T11:41:06.000+00:00",
        "updated": null,
        "id": 31,
        "username": "票",
        "password": "123456",
        "phone": "12345678910",
        "headphoto": "https://tanhua-zxm.oss-cn-hangzhou.aliyuncs.com/%E5%B0%8F%E7%BA%A2%E4%B9%A6/%E5%A4%B4%E5%83%8F/%E7%94%A8%E6%88%B7%E5%A4%B4%E5%83%8F/47.jpg",
        "gender": 1,
        "age": 37,
        "introduction": "无",
        "userType": "normal"
      }
    },
    {
      "note": {
        "created": "2023-04-25T12:14:30.000+00:00",
        "updated": "2023-04-25T12:14:30.000+00:00",
        "id": 9,
        "userId": 8,
        "username": "吴",
        "title": "Tequila Sunrise",
        "content": "夏天就是积攒美好回忆的",
        "tag": "家居",
        "surfacePicture": "https://tanhua-zxm.oss-cn-hangzhou.aliyuncs.com/%E5%B0%8F%E7%BA%A2%E4%B9%A6/%E7%AC%94%E8%AE%B0/%E6%8E%A8%E8%8D%90/%E5%9B%BE%E7%89%87/6/270ca884eb1950ec1a652ca3765ba4f.png",
        "praisenum": 3333,
        "collectionnum": 568,
        "deleted": 0
      },
      "user": {
        "created": "2023-04-25T11:40:21.000+00:00",
        "updated": "2023-04-25T11:40:23.000+00:00",
        "id": 8,
        "username": "吴",
        "password": "123456",
        "phone": "12345678910",
        "headphoto": "https://tanhua-zxm.oss-cn-hangzhou.aliyuncs.com/%E5%B0%8F%E7%BA%A2%E4%B9%A6/%E5%A4%B4%E5%83%8F/%E7%94%A8%E6%88%B7%E5%A4%B4%E5%83%8F/22.jpg",
        "gender": 1,
        "age": 14,
        "introduction": "无",
        "userType": "normal"
      }
    },
    {
      "note": {
        "created": "2023-04-25T12:14:30.000+00:00",
        "updated": "2023-04-25T12:14:30.000+00:00",
        "id": 44,
        "userId": 34,
        "username": "阿棒的觅食计划",
        "title": "愿每个去长沙的人都能刷到",
        "content": "马上五一假期了，好多朋友来长沙旅游！作为在长沙学习生活7年的土著，给大家整理了「2天1夜的自由行线路攻略」，有需要的宝子可以参考我的行程哦！一点不会踩雷！",
        "tag": "其它",
        "surfacePicture": "https://tanhua-zxm.oss-cn-hangzhou.aliyuncs.com/%E5%B0%8F%E7%BA%A2%E4%B9%A6/%E7%AC%94%E8%AE%B0/%E5%85%B6%E5%AE%83/%E5%9B%BE%E7%89%87/1/0e4e98e85cac442efe792e7a7330a88.png",
        "praisenum": 673,
        "collectionnum": 486,
        "deleted": 0
      },
      "user": {
        "created": "2023-04-25T11:41:09.000+00:00",
        "updated": null,
        "id": 34,
        "username": "阿棒的觅食计划",
        "password": "123456",
        "phone": "12345678910",
        "headphoto": "https://tanhua-zxm.oss-cn-hangzhou.aliyuncs.com/%E5%B0%8F%E7%BA%A2%E4%B9%A6/%E5%A4%B4%E5%83%8F/%E7%94%A8%E6%88%B7%E5%A4%B4%E5%83%8F/50.jpg",
        "gender": 1,
        "age": 40,
        "introduction": "无",
        "userType": "normal"
      }
    },
    {
      "note": {
        "created": "2023-04-25T12:14:30.000+00:00",
        "updated": "2023-04-25T12:14:30.000+00:00",
        "id": 21,
        "userId": 17,
        "username": "日空山",
        "title": "风景",
        "content": "当然蓝玫瑰坠入克莱因蓝的海，未曾谋面也终会相遇",
        "tag": "旅行",
        "surfacePicture": "https://tanhua-zxm.oss-cn-hangzhou.aliyuncs.com/%E5%B0%8F%E7%BA%A2%E4%B9%A6/%E7%AC%94%E8%AE%B0/%E6%97%85%E8%A1%8C/%E8%A7%86%E9%A2%91/1/8.png",
        "praisenum": 236,
        "collectionnum": 435,
        "deleted": 0
      },
      "user": {
        "created": "2023-04-25T11:40:48.000+00:00",
        "updated": null,
        "id": 17,
        "username": "日空山",
        "password": "123456",
        "phone": "12345678910",
        "headphoto": "https://tanhua-zxm.oss-cn-hangzhou.aliyuncs.com/%E5%B0%8F%E7%BA%A2%E4%B9%A6/%E5%A4%B4%E5%83%8F/%E7%94%A8%E6%88%B7%E5%A4%B4%E5%83%8F/32.jpg",
        "gender": 1,
        "age": 23,
        "introduction": "无",
        "userType": "normal"
      }
    },
    {
      "note": {
        "created": "2023-04-25T12:14:30.000+00:00",
        "updated": "2023-04-25T12:14:30.000+00:00",
        "id": 35,
        "userId": 28,
        "username": "菠萝派",
        "title": "再发一遍！这个巨巨巨下饭！！",
        "content": "奶奶做的几十年的酱油手撕鸡腿好好吃，一星期做了好多吃呢",
        "tag": "美食",
        "surfacePicture": "https://tanhua-zxm.oss-cn-hangzhou.aliyuncs.com/%E5%B0%8F%E7%BA%A2%E4%B9%A6/%E7%AC%94%E8%AE%B0/%E7%BE%8E%E9%A3%9F/%E5%9B%BE%E7%89%87/2/c66fb62cbcd24f8dd1a568f0dcdc61a.png",
        "praisenum": 4567,
        "collectionnum": 546,
        "deleted": 0
      },
      "user": {
        "created": "2023-04-25T11:41:04.000+00:00",
        "updated": null,
        "id": 28,
        "username": "菠萝派",
        "password": "123456",
        "phone": "12345678910",
        "headphoto": "https://tanhua-zxm.oss-cn-hangzhou.aliyuncs.com/%E5%B0%8F%E7%BA%A2%E4%B9%A6/%E5%A4%B4%E5%83%8F/%E7%94%A8%E6%88%B7%E5%A4%B4%E5%83%8F/43.jpg",
        "gender": 1,
        "age": 34,
        "introduction": "无",
        "userType": "normal"
      }
    },
    {
      "note": {
        "created": "2023-04-25T12:14:30.000+00:00",
        "updated": "2023-04-29T03:45:09.000+00:00",
        "id": 40,
        "userId": 1,
        "username": "xm",
        "title": "今天喝19.9，的椰奶星冰乐",
        "content": "星巴克奶油星冰乐换巴旦木奶，椰浆，可可碎片",
        "tag": "美食",
        "surfacePicture": "https://tanhua-zxm.oss-cn-hangzhou.aliyuncs.com/%E5%B0%8F%E7%BA%A2%E4%B9%A6/%E7%AC%94%E8%AE%B0/%E7%BE%8E%E9%A3%9F/%E5%9B%BE%E7%89%87/7/ab53ff3630fb1cec529500bf4f518c2.png",
        "praisenum": 654,
        "collectionnum": 846,
        "deleted": 0
      },
      "user": {
        "created": "2023-04-24T12:22:55.000+00:00",
        "updated": "2023-05-04T07:17:47.000+00:00",
        "id": 1,
        "username": "xm",
        "password": "123456",
        "phone": "13850429386",
        "headphoto": "https://tanhua-zxm.oss-cn-hangzhou.aliyuncs.com/%E5%B0%8F%E7%BA%A2%E4%B9%A6/%E5%A4%B4%E5%83%8F/%E7%94%A8%E6%88%B7%E5%A4%B4%E5%83%8F/4.jpg",
        "gender": 1,
        "age": 22,
        "introduction": "无",
        "userType": "admin"
      }
    },
    {
      "note": {
        "created": "2023-04-25T12:14:30.000+00:00",
        "updated": "2023-04-25T12:14:30.000+00:00",
        "id": 11,
        "userId": 10,
        "username": "阿泽爱吃面",
        "title": "三步让你窄干衣服饭价值",
        "content": "这条视频不看真的能让你后悔一年",
        "tag": "穿搭",
        "surfacePicture": "https://tanhua-zxm.oss-cn-hangzhou.aliyuncs.com/%E5%B0%8F%E7%BA%A2%E4%B9%A6/%E7%AC%94%E8%AE%B0/%E7%A9%BF%E6%90%AD/%E8%A7%86%E9%A2%91/1/1.jpg",
        "praisenum": 467,
        "collectionnum": 86,
        "deleted": 0
      },
      "user": {
        "created": "2023-04-25T11:40:28.000+00:00",
        "updated": null,
        "id": 10,
        "username": "阿泽爱吃面",
        "password": "123456",
        "phone": "12345678910",
        "headphoto": "https://tanhua-zxm.oss-cn-hangzhou.aliyuncs.com/%E5%B0%8F%E7%BA%A2%E4%B9%A6/%E5%A4%B4%E5%83%8F/%E7%94%A8%E6%88%B7%E5%A4%B4%E5%83%8F/24.jpg",
        "gender": 1,
        "age": 16,
        "introduction": "无",
        "userType": "normal"
      }
    },
    {
      "note": {
        "created": "2023-04-25T12:14:30.000+00:00",
        "updated": "2023-04-29T03:45:09.000+00:00",
        "id": 2,
        "userId": 1,
        "username": "xm",
        "title": "巴黎世家特卖会",
        "content": "开心看看买了啥",
        "tag": "家居",
        "surfacePicture": "https://tanhua-zxm.oss-cn-hangzhou.aliyuncs.com/%E5%B0%8F%E7%BA%A2%E4%B9%A6/%E7%AC%94%E8%AE%B0/%E6%8E%A8%E8%8D%90/%E8%A7%86%E9%A2%91/2/%E5%B0%81%E9%9D%A2.png",
        "praisenum": 1423,
        "collectionnum": 68,
        "deleted": 0
      },
      "user": {
        "created": "2023-04-24T12:22:55.000+00:00",
        "updated": "2023-05-04T07:17:47.000+00:00",
        "id": 1,
        "username": "xm",
        "password": "123456",
        "phone": "13850429386",
        "headphoto": "https://tanhua-zxm.oss-cn-hangzhou.aliyuncs.com/%E5%B0%8F%E7%BA%A2%E4%B9%A6/%E5%A4%B4%E5%83%8F/%E7%94%A8%E6%88%B7%E5%A4%B4%E5%83%8F/4.jpg",
        "gender": 1,
        "age": 22,
        "introduction": "无",
        "userType": "admin"
      }
    },
    {
      "note": {
        "created": "2023-04-25T12:14:30.000+00:00",
        "updated": "2023-04-25T12:14:30.000+00:00",
        "id": 6,
        "userId": 5,
        "username": "安仔",
        "title": "一个男生挚爱的6瓶香水",
        "content": "分享春夏喜欢的6支香水，都是偏清爽的气味，口碑和市场接受度都蛮高的。个人觉得还蛮适合春夏的，基本男女都可，也都是之前都陆续分享过的",
        "tag": "家居",
        "surfacePicture": "https://tanhua-zxm.oss-cn-hangzhou.aliyuncs.com/%E5%B0%8F%E7%BA%A2%E4%B9%A6/%E7%AC%94%E8%AE%B0/%E6%8E%A8%E8%8D%90/%E5%9B%BE%E7%89%87/6/4aee29f3fedda7ba36e9ab9115e96af.png",
        "praisenum": 456,
        "collectionnum": 564,
        "deleted": 0
      },
      "user": {
        "created": "2023-04-28T11:25:39.000+00:00",
        "updated": "2023-04-25T11:25:42.000+00:00",
        "id": 5,
        "username": "安仔",
        "password": "123456",
        "phone": "345678910",
        "headphoto": "https://tanhua-zxm.oss-cn-hangzhou.aliyuncs.com/%E5%B0%8F%E7%BA%A2%E4%B9%A6/%E5%A4%B4%E5%83%8F/%E7%94%A8%E6%88%B7%E5%A4%B4%E5%83%8F/9.jpg",
        "gender": 1,
        "age": 23,
        "introduction": "无",
        "userType": "normal"
      }
    },
    {
      "note": {
        "created": "2023-04-25T12:14:30.000+00:00",
        "updated": "2023-04-25T12:14:30.000+00:00",
        "id": 27,
        "userId": 20,
        "username": "Matt带你游世界",
        "title": "我飘了，竟然想去富士山下的罗森",
        "content": "罗森便利店（富士河口湖町店)",
        "tag": "旅行",
        "surfacePicture": "https://tanhua-zxm.oss-cn-hangzhou.aliyuncs.com/%E5%B0%8F%E7%BA%A2%E4%B9%A6/%E7%AC%94%E8%AE%B0/%E6%97%85%E8%A1%8C/%E5%9B%BE%E7%89%87/4/02bcf9650ef09af88636de412cd358f.png",
        "praisenum": 3677,
        "collectionnum": 96,
        "deleted": 0
      },
      "user": {
        "created": "2023-04-25T11:40:54.000+00:00",
        "updated": null,
        "id": 20,
        "username": "Matt带你游世界",
        "password": "123456",
        "phone": "12345678910",
        "headphoto": "https://tanhua-zxm.oss-cn-hangzhou.aliyuncs.com/%E5%B0%8F%E7%BA%A2%E4%B9%A6/%E5%A4%B4%E5%83%8F/%E7%94%A8%E6%88%B7%E5%A4%B4%E5%83%8F/36.jpg",
        "gender": 0,
        "age": 26,
        "introduction": "无",
        "userType": "normal"
      }
    },
    {
      "note": {
        "created": "2023-04-25T12:14:30.000+00:00",
        "updated": "2023-04-25T12:14:30.000+00:00",
        "id": 36,
        "userId": 29,
        "username": "雅雅饿了",
        "title": "奶奶传下来的配方，自制阿达子好吃绝了",
        "content": "手工阿达子真的太好吃啦，晶莹剔透、Q Q弹弹超级有嚼劲、Q弹爽口，糯叽叽比珍珠还好吃，夏天必备哦！！！",
        "tag": "美食",
        "surfacePicture": "https://tanhua-zxm.oss-cn-hangzhou.aliyuncs.com/%E5%B0%8F%E7%BA%A2%E4%B9%A6/%E7%AC%94%E8%AE%B0/%E7%BE%8E%E9%A3%9F/%E5%9B%BE%E7%89%87/3/1f31c8eeb972627a42bad21445ad0ce.png",
        "praisenum": 345,
        "collectionnum": 846,
        "deleted": 0
      },
      "user": {
        "created": "2023-04-25T11:41:05.000+00:00",
        "updated": null,
        "id": 29,
        "username": "雅雅饿了",
        "password": "123456",
        "phone": "12345678910",
        "headphoto": "https://tanhua-zxm.oss-cn-hangzhou.aliyuncs.com/%E5%B0%8F%E7%BA%A2%E4%B9%A6/%E5%A4%B4%E5%83%8F/%E7%94%A8%E6%88%B7%E5%A4%B4%E5%83%8F/45.jpg",
        "gender": 1,
        "age": 35,
        "introduction": "无",
        "userType": "normal"
      }
    },
    {
      "note": {
        "created": "2023-04-25T12:14:30.000+00:00",
        "updated": "2023-04-29T03:38:18.000+00:00",
        "id": 3,
        "userId": 2,
        "username": "足球张雨绮",
        "title": "贴地斩练习",
        "content": "新手足球练习正脚背，就要反复用30.40%的力量重复刻意的练习，慢慢你会拥有自己的射门风格",
        "tag": "家居",
        "surfacePicture": "https://tanhua-zxm.oss-cn-hangzhou.aliyuncs.com/%E5%B0%8F%E7%BA%A2%E4%B9%A6/%E7%AC%94%E8%AE%B0/%E6%8E%A8%E8%8D%90/%E8%A7%86%E9%A2%91/3/%E5%B0%81%E9%9D%A2.png",
        "praisenum": 432,
        "collectionnum": 648,
        "deleted": 0
      },
      "user": {
        "created": "2023-04-25T11:21:44.000+00:00",
        "updated": "2023-04-25T11:21:47.000+00:00",
        "id": 2,
        "username": "足球张雨绮",
        "password": "123456",
        "phone": "12345678910",
        "headphoto": "https://tanhua-zxm.oss-cn-hangzhou.aliyuncs.com/%E5%B0%8F%E7%BA%A2%E4%B9%A6/%E5%A4%B4%E5%83%8F/%E7%94%A8%E6%88%B7%E5%A4%B4%E5%83%8F/6.jpg",
        "gender": 0,
        "age": 23,
        "introduction": "无",
        "userType": "normal"
      }
    },
    {
      "note": {
        "created": "2023-04-25T12:14:30.000+00:00",
        "updated": "2023-04-25T12:14:30.000+00:00",
        "id": 7,
        "userId": 6,
        "username": "Jerry",
        "title": "看电影",
        "content": "希望我和樱木的伤快快好哈哈哈哈",
        "tag": "家居",
        "surfacePicture": "https://tanhua-zxm.oss-cn-hangzhou.aliyuncs.com/%E5%B0%8F%E7%BA%A2%E4%B9%A6/%E7%AC%94%E8%AE%B0/%E6%8E%A8%E8%8D%90/%E5%9B%BE%E7%89%87/6/270ca884eb1950ec1a652ca3765ba4f.png",
        "praisenum": 874,
        "collectionnum": 456,
        "deleted": 0
      },
      "user": {
        "created": "2023-04-25T11:40:11.000+00:00",
        "updated": "2023-04-25T11:40:14.000+00:00",
        "id": 6,
        "username": "Jerry",
        "password": "123456",
        "phone": "12345678910",
        "headphoto": "https://tanhua-zxm.oss-cn-hangzhou.aliyuncs.com/%E5%B0%8F%E7%BA%A2%E4%B9%A6/%E5%A4%B4%E5%83%8F/%E7%94%A8%E6%88%B7%E5%A4%B4%E5%83%8F/20.jpg",
        "gender": 1,
        "age": 12,
        "introduction": "无",
        "userType": "normal"
      }
    },
    {
      "note": {
        "created": "2023-04-25T12:14:30.000+00:00",
        "updated": "2023-04-25T12:14:30.000+00:00",
        "id": 42,
        "userId": 32,
        "username": "Dille",
        "title": "荷尔蒙爆棚的凯文哥",
        "content": "无耻之徒",
        "tag": "其它",
        "surfacePicture": "https://tanhua-zxm.oss-cn-hangzhou.aliyuncs.com/%E5%B0%8F%E7%BA%A2%E4%B9%A6/%E7%AC%94%E8%AE%B0/%E5%85%B6%E5%AE%83/%E8%A7%86%E9%A2%91/2/%E5%B0%81%E9%9D%A2.png",
        "praisenum": 456,
        "collectionnum": 6,
        "deleted": 0
      },
      "user": {
        "created": "2023-04-25T11:41:07.000+00:00",
        "updated": null,
        "id": 32,
        "username": "Dille",
        "password": "123456",
        "phone": "12345678910",
        "headphoto": "https://tanhua-zxm.oss-cn-hangzhou.aliyuncs.com/%E5%B0%8F%E7%BA%A2%E4%B9%A6/%E5%A4%B4%E5%83%8F/%E7%94%A8%E6%88%B7%E5%A4%B4%E5%83%8F/48.jpg",
        "gender": 1,
        "age": 38,
        "introduction": "无",
        "userType": "normal"
      }
    },
    {
      "note": {
        "created": "2023-04-25T12:14:30.000+00:00",
        "updated": "2023-04-25T12:14:30.000+00:00",
        "id": 35,
        "userId": 28,
        "username": "菠萝派",
        "title": "再发一遍！这个巨巨巨下饭！！",
        "content": "奶奶做的几十年的酱油手撕鸡腿好好吃，一星期做了好多吃呢",
        "tag": "美食",
        "surfacePicture": "https://tanhua-zxm.oss-cn-hangzhou.aliyuncs.com/%E5%B0%8F%E7%BA%A2%E4%B9%A6/%E7%AC%94%E8%AE%B0/%E7%BE%8E%E9%A3%9F/%E5%9B%BE%E7%89%87/2/c66fb62cbcd24f8dd1a568f0dcdc61a.png",
        "praisenum": 4567,
        "collectionnum": 546,
        "deleted": 0
      },
      "user": {
        "created": "2023-04-25T11:41:04.000+00:00",
        "updated": null,
        "id": 28,
        "username": "菠萝派",
        "password": "123456",
        "phone": "12345678910",
        "headphoto": "https://tanhua-zxm.oss-cn-hangzhou.aliyuncs.com/%E5%B0%8F%E7%BA%A2%E4%B9%A6/%E5%A4%B4%E5%83%8F/%E7%94%A8%E6%88%B7%E5%A4%B4%E5%83%8F/43.jpg",
        "gender": 1,
        "age": 34,
        "introduction": "无",
        "userType": "normal"
      }
    },
    {
      "note": {
        "created": "2023-04-25T12:14:30.000+00:00",
        "updated": "2023-04-29T03:45:09.000+00:00",
        "id": 16,
        "userId": 1,
        "username": "xm",
        "title": "变回21年卷毛偷米咯",
        "content": "期待一下罗鼠准备筹备巡演啦！",
        "tag": "穿搭",
        "surfacePicture": "https://tanhua-zxm.oss-cn-hangzhou.aliyuncs.com/%E5%B0%8F%E7%BA%A2%E4%B9%A6/%E7%AC%94%E8%AE%B0/%E7%A9%BF%E6%90%AD/%E5%9B%BE%E7%89%87/3/fa48205a52d4656ae5ba2c0442ee281.png",
        "praisenum": 4562,
        "collectionnum": 9,
        "deleted": 0
      },
      "user": {
        "created": "2023-04-24T12:22:55.000+00:00",
        "updated": "2023-05-04T07:17:47.000+00:00",
        "id": 1,
        "username": "xm",
        "password": "123456",
        "phone": "13850429386",
        "headphoto": "https://tanhua-zxm.oss-cn-hangzhou.aliyuncs.com/%E5%B0%8F%E7%BA%A2%E4%B9%A6/%E5%A4%B4%E5%83%8F/%E7%94%A8%E6%88%B7%E5%A4%B4%E5%83%8F/4.jpg",
        "gender": 1,
        "age": 22,
        "introduction": "无",
        "userType": "admin"
      }
    }
  ],
  "所有笔记": [
    {
      "note": {
        "created": "2023-04-25T12:14:30.000+00:00",
        "updated": "2023-04-29T03:49:38.000+00:00",
        "id": 1,
        "userId": 1,
        "username": "xm",
        "title": "趁天还没热再来叠穿下",
        "content": "不然就来不及了",
        "tag": "家居",
        "surfacePicture": "https://tanhua-zxm.oss-cn-hangzhou.aliyuncs.com/%E5%B0%8F%E7%BA%A2%E4%B9%A6/%E7%AC%94%E8%AE%B0/%E6%8E%A8%E8%8D%90/%E8%A7%86%E9%A2%91/1/%E5%B0%81%E9%9D%A2.png",
        "praisenum": 34244,
        "collectionnum": 564,
        "deleted": 0
      },
      "user": {
        "created": "2023-04-24T12:22:55.000+00:00",
        "updated": "2023-05-04T07:17:47.000+00:00",
        "id": 1,
        "username": "xm",
        "password": "123456",
        "phone": "13850429386",
        "headphoto": "https://tanhua-zxm.oss-cn-hangzhou.aliyuncs.com/%E5%B0%8F%E7%BA%A2%E4%B9%A6/%E5%A4%B4%E5%83%8F/%E7%94%A8%E6%88%B7%E5%A4%B4%E5%83%8F/4.jpg",
        "gender": 1,
        "age": 22,
        "introduction": "无",
        "userType": "admin"
      }
    },
    {
      "note": {
        "created": "2023-04-25T12:14:30.000+00:00",
        "updated": "2023-04-29T03:45:09.000+00:00",
        "id": 2,
        "userId": 1,
        "username": "xm",
        "title": "巴黎世家特卖会",
        "content": "开心看看买了啥",
        "tag": "家居",
        "surfacePicture": "https://tanhua-zxm.oss-cn-hangzhou.aliyuncs.com/%E5%B0%8F%E7%BA%A2%E4%B9%A6/%E7%AC%94%E8%AE%B0/%E6%8E%A8%E8%8D%90/%E8%A7%86%E9%A2%91/2/%E5%B0%81%E9%9D%A2.png",
        "praisenum": 1423,
        "collectionnum": 68,
        "deleted": 0
      },
      "user": {
        "created": "2023-04-24T12:22:55.000+00:00",
        "updated": "2023-05-04T07:17:47.000+00:00",
        "id": 1,
        "username": "xm",
        "password": "123456",
        "phone": "13850429386",
        "headphoto": "https://tanhua-zxm.oss-cn-hangzhou.aliyuncs.com/%E5%B0%8F%E7%BA%A2%E4%B9%A6/%E5%A4%B4%E5%83%8F/%E7%94%A8%E6%88%B7%E5%A4%B4%E5%83%8F/4.jpg",
        "gender": 1,
        "age": 22,
        "introduction": "无",
        "userType": "admin"
      }
    },
    {
      "note": {
        "created": "2023-04-25T12:14:30.000+00:00",
        "updated": "2023-04-29T03:38:18.000+00:00",
        "id": 3,
        "userId": 2,
        "username": "足球张雨绮",
        "title": "贴地斩练习",
        "content": "新手足球练习正脚背，就要反复用30.40%的力量重复刻意的练习，慢慢你会拥有自己的射门风格",
        "tag": "家居",
        "surfacePicture": "https://tanhua-zxm.oss-cn-hangzhou.aliyuncs.com/%E5%B0%8F%E7%BA%A2%E4%B9%A6/%E7%AC%94%E8%AE%B0/%E6%8E%A8%E8%8D%90/%E8%A7%86%E9%A2%91/3/%E5%B0%81%E9%9D%A2.png",
        "praisenum": 432,
        "collectionnum": 648,
        "deleted": 0
      },
      "user": {
        "created": "2023-04-25T11:21:44.000+00:00",
        "updated": "2023-04-25T11:21:47.000+00:00",
        "id": 2,
        "username": "足球张雨绮",
        "password": "123456",
        "phone": "12345678910",
        "headphoto": "https://tanhua-zxm.oss-cn-hangzhou.aliyuncs.com/%E5%B0%8F%E7%BA%A2%E4%B9%A6/%E5%A4%B4%E5%83%8F/%E7%94%A8%E6%88%B7%E5%A4%B4%E5%83%8F/6.jpg",
        "gender": 0,
        "age": 23,
        "introduction": "无",
        "userType": "normal"
      }
    },
    {
      "note": {
        "created": "2023-04-25T12:14:30.000+00:00",
        "updated": "2023-04-29T03:38:47.000+00:00",
        "id": 4,
        "userId": 3,
        "username": "21克",
        "title": "cozyfit",
        "content": "穿搭",
        "tag": "家居",
        "surfacePicture": "https://tanhua-zxm.oss-cn-hangzhou.aliyuncs.com/%E5%B0%8F%E7%BA%A2%E4%B9%A6/%E7%AC%94%E8%AE%B0/%E6%8E%A8%E8%8D%90/%E5%9B%BE%E7%89%87/1/e4bbe164ac25a3cfb12d6ed53938383.png",
        "praisenum": 123,
        "collectionnum": 56,
        "deleted": 0
      },
      "user": {
        "created": "2023-04-12T11:23:32.000+00:00",
        "updated": "2023-04-25T11:23:37.000+00:00",
        "id": 3,
        "username": "21克",
        "password": "123456",
        "phone": "12345678910",
        "headphoto": "https://tanhua-zxm.oss-cn-hangzhou.aliyuncs.com/%E5%B0%8F%E7%BA%A2%E4%B9%A6/%E5%A4%B4%E5%83%8F/%E7%94%A8%E6%88%B7%E5%A4%B4%E5%83%8F/7.jpg",
        "gender": 1,
        "age": 54,
        "introduction": "无",
        "userType": "normal"
      }
    },
    {
      "note": {
        "created": "2023-04-25T12:14:30.000+00:00",
        "updated": "2023-04-25T12:14:30.000+00:00",
        "id": 5,
        "userId": 4,
        "username": "8lackk",
        "title": "厦利福尼亚",
        "content": "厦门",
        "tag": "家居",
        "surfacePicture": "https://tanhua-zxm.oss-cn-hangzhou.aliyuncs.com/%E5%B0%8F%E7%BA%A2%E4%B9%A6/%E7%AC%94%E8%AE%B0/%E6%8E%A8%E8%8D%90/%E5%9B%BE%E7%89%87/2/7d999823ca52488a5b2e316ea7abe14.png",
        "praisenum": 123,
        "collectionnum": 886,
        "deleted": 0
      },
      "user": {
        "created": "2023-04-25T11:24:53.000+00:00",
        "updated": "2023-04-25T11:24:56.000+00:00",
        "id": 4,
        "username": "8lackk",
        "password": "123456",
        "phone": "12345678910",
        "headphoto": "https://tanhua-zxm.oss-cn-hangzhou.aliyuncs.com/%E5%B0%8F%E7%BA%A2%E4%B9%A6/%E5%A4%B4%E5%83%8F/%E7%94%A8%E6%88%B7%E5%A4%B4%E5%83%8F/8.jpg",
        "gender": 1,
        "age": 47,
        "introduction": "无",
        "userType": "normal"
      }
    },
    {
      "note": {
        "created": "2023-04-25T12:14:30.000+00:00",
        "updated": "2023-04-25T12:14:30.000+00:00",
        "id": 6,
        "userId": 5,
        "username": "安仔",
        "title": "一个男生挚爱的6瓶香水",
        "content": "分享春夏喜欢的6支香水，都是偏清爽的气味，口碑和市场接受度都蛮高的。个人觉得还蛮适合春夏的，基本男女都可，也都是之前都陆续分享过的",
        "tag": "家居",
        "surfacePicture": "https://tanhua-zxm.oss-cn-hangzhou.aliyuncs.com/%E5%B0%8F%E7%BA%A2%E4%B9%A6/%E7%AC%94%E8%AE%B0/%E6%8E%A8%E8%8D%90/%E5%9B%BE%E7%89%87/6/4aee29f3fedda7ba36e9ab9115e96af.png",
        "praisenum": 456,
        "collectionnum": 564,
        "deleted": 0
      },
      "user": {
        "created": "2023-04-28T11:25:39.000+00:00",
        "updated": "2023-04-25T11:25:42.000+00:00",
        "id": 5,
        "username": "安仔",
        "password": "123456",
        "phone": "345678910",
        "headphoto": "https://tanhua-zxm.oss-cn-hangzhou.aliyuncs.com/%E5%B0%8F%E7%BA%A2%E4%B9%A6/%E5%A4%B4%E5%83%8F/%E7%94%A8%E6%88%B7%E5%A4%B4%E5%83%8F/9.jpg",
        "gender": 1,
        "age": 23,
        "introduction": "无",
        "userType": "normal"
      }
    },
    {
      "note": {
        "created": "2023-04-25T12:14:30.000+00:00",
        "updated": "2023-04-25T12:14:30.000+00:00",
        "id": 7,
        "userId": 6,
        "username": "Jerry",
        "title": "看电影",
        "content": "希望我和樱木的伤快快好哈哈哈哈",
        "tag": "家居",
        "surfacePicture": "https://tanhua-zxm.oss-cn-hangzhou.aliyuncs.com/%E5%B0%8F%E7%BA%A2%E4%B9%A6/%E7%AC%94%E8%AE%B0/%E6%8E%A8%E8%8D%90/%E5%9B%BE%E7%89%87/6/270ca884eb1950ec1a652ca3765ba4f.png",
        "praisenum": 874,
        "collectionnum": 456,
        "deleted": 0
      },
      "user": {
        "created": "2023-04-25T11:40:11.000+00:00",
        "updated": "2023-04-25T11:40:14.000+00:00",
        "id": 6,
        "username": "Jerry",
        "password": "123456",
        "phone": "12345678910",
        "headphoto": "https://tanhua-zxm.oss-cn-hangzhou.aliyuncs.com/%E5%B0%8F%E7%BA%A2%E4%B9%A6/%E5%A4%B4%E5%83%8F/%E7%94%A8%E6%88%B7%E5%A4%B4%E5%83%8F/20.jpg",
        "gender": 1,
        "age": 12,
        "introduction": "无",
        "userType": "normal"
      }
    },
    {
      "note": {
        "created": "2023-04-25T12:14:30.000+00:00",
        "updated": "2023-04-25T12:14:30.000+00:00",
        "id": 8,
        "userId": 7,
        "username": "泡芙味的女孩子",
        "title": "独一无二属于自己的小螃蟹",
        "content": "肉蟹煲",
        "tag": "家居",
        "surfacePicture": "https://tanhua-zxm.oss-cn-hangzhou.aliyuncs.com/%E5%B0%8F%E7%BA%A2%E4%B9%A6/%E7%AC%94%E8%AE%B0/%E6%8E%A8%E8%8D%90/%E5%9B%BE%E7%89%87/5/c4287c1f3ac5d8e6054cf48c7c824f5.png",
        "praisenum": 3456,
        "collectionnum": 864,
        "deleted": 0
      },
      "user": {
        "created": "2023-04-25T11:40:16.000+00:00",
        "updated": "2023-04-25T11:40:18.000+00:00",
        "id": 7,
        "username": "泡芙味的女孩子",
        "password": "123456",
        "phone": "12345678910",
        "headphoto": "https://tanhua-zxm.oss-cn-hangzhou.aliyuncs.com/%E5%B0%8F%E7%BA%A2%E4%B9%A6/%E5%A4%B4%E5%83%8F/%E7%94%A8%E6%88%B7%E5%A4%B4%E5%83%8F/21.jpg",
        "gender": 0,
        "age": 13,
        "introduction": "无",
        "userType": "normal"
      }
    },
    {
      "note": {
        "created": "2023-04-25T12:14:30.000+00:00",
        "updated": "2023-04-25T12:14:30.000+00:00",
        "id": 9,
        "userId": 8,
        "username": "吴",
        "title": "Tequila Sunrise",
        "content": "夏天就是积攒美好回忆的",
        "tag": "家居",
        "surfacePicture": "https://tanhua-zxm.oss-cn-hangzhou.aliyuncs.com/%E5%B0%8F%E7%BA%A2%E4%B9%A6/%E7%AC%94%E8%AE%B0/%E6%8E%A8%E8%8D%90/%E5%9B%BE%E7%89%87/6/270ca884eb1950ec1a652ca3765ba4f.png",
        "praisenum": 3333,
        "collectionnum": 568,
        "deleted": 0
      },
      "user": {
        "created": "2023-04-25T11:40:21.000+00:00",
        "updated": "2023-04-25T11:40:23.000+00:00",
        "id": 8,
        "username": "吴",
        "password": "123456",
        "phone": "12345678910",
        "headphoto": "https://tanhua-zxm.oss-cn-hangzhou.aliyuncs.com/%E5%B0%8F%E7%BA%A2%E4%B9%A6/%E5%A4%B4%E5%83%8F/%E7%94%A8%E6%88%B7%E5%A4%B4%E5%83%8F/22.jpg",
        "gender": 1,
        "age": 14,
        "introduction": "无",
        "userType": "normal"
      }
    },
    {
      "note": {
        "created": "2023-04-25T12:14:30.000+00:00",
        "updated": "2023-04-25T12:14:30.000+00:00",
        "id": 10,
        "userId": 9,
        "username": "HushOfficial",
        "title": "Rick Owens DRKSHDW VANS",
        "content": "这双实物还是值得推荐",
        "tag": "家居",
        "surfacePicture": "https://tanhua-zxm.oss-cn-hangzhou.aliyuncs.com/%E5%B0%8F%E7%BA%A2%E4%B9%A6/%E7%AC%94%E8%AE%B0/%E6%8E%A8%E8%8D%90/%E5%9B%BE%E7%89%87/7/35c05e49a21ccf4559df03efa3d2c83.png",
        "praisenum": 5674,
        "collectionnum": 56,
        "deleted": 0
      },
      "user": {
        "created": "2023-04-25T11:40:26.000+00:00",
        "updated": null,
        "id": 9,
        "username": "HushOfficial",
        "password": "123456",
        "phone": "12345678910",
        "headphoto": "https://tanhua-zxm.oss-cn-hangzhou.aliyuncs.com/%E5%B0%8F%E7%BA%A2%E4%B9%A6/%E5%A4%B4%E5%83%8F/%E7%94%A8%E6%88%B7%E5%A4%B4%E5%83%8F/23.jpg",
        "gender": 1,
        "age": 15,
        "introduction": "无",
        "userType": "normal"
      }
    },
    {
      "note": {
        "created": "2023-04-25T12:14:30.000+00:00",
        "updated": "2023-04-25T12:14:30.000+00:00",
        "id": 11,
        "userId": 10,
        "username": "阿泽爱吃面",
        "title": "三步让你窄干衣服饭价值",
        "content": "这条视频不看真的能让你后悔一年",
        "tag": "穿搭",
        "surfacePicture": "https://tanhua-zxm.oss-cn-hangzhou.aliyuncs.com/%E5%B0%8F%E7%BA%A2%E4%B9%A6/%E7%AC%94%E8%AE%B0/%E7%A9%BF%E6%90%AD/%E8%A7%86%E9%A2%91/1/1.jpg",
        "praisenum": 467,
        "collectionnum": 86,
        "deleted": 0
      },
      "user": {
        "created": "2023-04-25T11:40:28.000+00:00",
        "updated": null,
        "id": 10,
        "username": "阿泽爱吃面",
        "password": "123456",
        "phone": "12345678910",
        "headphoto": "https://tanhua-zxm.oss-cn-hangzhou.aliyuncs.com/%E5%B0%8F%E7%BA%A2%E4%B9%A6/%E5%A4%B4%E5%83%8F/%E7%94%A8%E6%88%B7%E5%A4%B4%E5%83%8F/24.jpg",
        "gender": 1,
        "age": 16,
        "introduction": "无",
        "userType": "normal"
      }
    },
    {
      "note": {
        "created": "2023-04-25T12:14:30.000+00:00",
        "updated": "2023-04-25T12:14:30.000+00:00",
        "id": 12,
        "userId": 11,
        "username": "迷人布",
        "title": "最近要分享的T恤",
        "content": "衣服",
        "tag": "穿搭",
        "surfacePicture": "https://tanhua-zxm.oss-cn-hangzhou.aliyuncs.com/%E5%B0%8F%E7%BA%A2%E4%B9%A6/%E7%AC%94%E8%AE%B0/%E7%A9%BF%E6%90%AD/%E8%A7%86%E9%A2%91/1/1.jpg",
        "praisenum": 467,
        "collectionnum": 789,
        "deleted": 0
      },
      "user": {
        "created": "2023-04-25T11:40:31.000+00:00",
        "updated": null,
        "id": 11,
        "username": "迷人布",
        "password": "123456",
        "phone": "12345678910",
        "headphoto": "https://tanhua-zxm.oss-cn-hangzhou.aliyuncs.com/%E5%B0%8F%E7%BA%A2%E4%B9%A6/%E5%A4%B4%E5%83%8F/%E7%94%A8%E6%88%B7%E5%A4%B4%E5%83%8F/25.jpg",
        "gender": 1,
        "age": 17,
        "introduction": "无",
        "userType": "normal"
      }
    },
    {
      "note": {
        "created": "2023-04-25T12:14:30.000+00:00",
        "updated": "2023-04-25T12:14:30.000+00:00",
        "id": 13,
        "userId": 12,
        "username": "麻豆同学",
        "title": "双矮子乐时髦又百搭的厚底鞋 无痛增高",
        "content": "你们期待已久的增高鞋分享来咯\r\n都是比较时髦又有点复古味道的厚底鞋\r\n在我这里出镜率也是超高的！\r\n这几款不论是配色上还是舒适度都没话说\r\n主要真的显高又显瘦",
        "tag": "穿搭",
        "surfacePicture": "https://tanhua-zxm.oss-cn-hangzhou.aliyuncs.com/%E5%B0%8F%E7%BA%A2%E4%B9%A6/%E7%AC%94%E8%AE%B0/%E7%A9%BF%E6%90%AD/%E8%A7%86%E9%A2%91/2/2.png",
        "praisenum": 3547,
        "collectionnum": 897,
        "deleted": 0
      },
      "user": {
        "created": "2023-04-25T11:40:33.000+00:00",
        "updated": null,
        "id": 12,
        "username": "麻豆同学",
        "password": "123456",
        "phone": "12345678910",
        "headphoto": "https://tanhua-zxm.oss-cn-hangzhou.aliyuncs.com/%E5%B0%8F%E7%BA%A2%E4%B9%A6/%E5%A4%B4%E5%83%8F/%E7%94%A8%E6%88%B7%E5%A4%B4%E5%83%8F/27.jpg",
        "gender": 0,
        "age": 18,
        "introduction": "无",
        "userType": "normal"
      }
    },
    {
      "note": {
        "created": "2023-04-25T12:14:30.000+00:00",
        "updated": "2023-04-29T03:45:09.000+00:00",
        "id": 14,
        "userId": 1,
        "username": "xm",
        "title": "让我看看到底有啥不一样",
        "content": "ererer",
        "tag": "穿搭",
        "surfacePicture": "https://tanhua-zxm.oss-cn-hangzhou.aliyuncs.com/%E5%B0%8F%E7%BA%A2%E4%B9%A6/%E7%AC%94%E8%AE%B0/%E7%A9%BF%E6%90%AD/%E5%9B%BE%E7%89%87/1/4.png",
        "praisenum": 963,
        "collectionnum": 89,
        "deleted": 0
      },
      "user": {
        "created": "2023-04-24T12:22:55.000+00:00",
        "updated": "2023-05-04T07:17:47.000+00:00",
        "id": 1,
        "username": "xm",
        "password": "123456",
        "phone": "13850429386",
        "headphoto": "https://tanhua-zxm.oss-cn-hangzhou.aliyuncs.com/%E5%B0%8F%E7%BA%A2%E4%B9%A6/%E5%A4%B4%E5%83%8F/%E7%94%A8%E6%88%B7%E5%A4%B4%E5%83%8F/4.jpg",
        "gender": 1,
        "age": 22,
        "introduction": "无",
        "userType": "admin"
      }
    },
    {
      "note": {
        "created": "2023-04-25T12:14:30.000+00:00",
        "updated": "2023-04-29T03:45:09.000+00:00",
        "id": 15,
        "userId": 1,
        "username": "xm",
        "title": "小高最近 ",
        "content": "看到自己在商场里啦！开心嘿嘿",
        "tag": "穿搭",
        "surfacePicture": "https://tanhua-zxm.oss-cn-hangzhou.aliyuncs.com/%E5%B0%8F%E7%BA%A2%E4%B9%A6/%E7%AC%94%E8%AE%B0/%E7%A9%BF%E6%90%AD/%E5%9B%BE%E7%89%87/2/5.png",
        "praisenum": 6433,
        "collectionnum": 7898,
        "deleted": 0
      },
      "user": {
        "created": "2023-04-24T12:22:55.000+00:00",
        "updated": "2023-05-04T07:17:47.000+00:00",
        "id": 1,
        "username": "xm",
        "password": "123456",
        "phone": "13850429386",
        "headphoto": "https://tanhua-zxm.oss-cn-hangzhou.aliyuncs.com/%E5%B0%8F%E7%BA%A2%E4%B9%A6/%E5%A4%B4%E5%83%8F/%E7%94%A8%E6%88%B7%E5%A4%B4%E5%83%8F/4.jpg",
        "gender": 1,
        "age": 22,
        "introduction": "无",
        "userType": "admin"
      }
    },
    {
      "note": {
        "created": "2023-04-25T12:14:30.000+00:00",
        "updated": "2023-04-29T03:45:09.000+00:00",
        "id": 16,
        "userId": 1,
        "username": "xm",
        "title": "变回21年卷毛偷米咯",
        "content": "期待一下罗鼠准备筹备巡演啦！",
        "tag": "穿搭",
        "surfacePicture": "https://tanhua-zxm.oss-cn-hangzhou.aliyuncs.com/%E5%B0%8F%E7%BA%A2%E4%B9%A6/%E7%AC%94%E8%AE%B0/%E7%A9%BF%E6%90%AD/%E5%9B%BE%E7%89%87/3/fa48205a52d4656ae5ba2c0442ee281.png",
        "praisenum": 4562,
        "collectionnum": 9,
        "deleted": 0
      },
      "user": {
        "created": "2023-04-24T12:22:55.000+00:00",
        "updated": "2023-05-04T07:17:47.000+00:00",
        "id": 1,
        "username": "xm",
        "password": "123456",
        "phone": "13850429386",
        "headphoto": "https://tanhua-zxm.oss-cn-hangzhou.aliyuncs.com/%E5%B0%8F%E7%BA%A2%E4%B9%A6/%E5%A4%B4%E5%83%8F/%E7%94%A8%E6%88%B7%E5%A4%B4%E5%83%8F/4.jpg",
        "gender": 1,
        "age": 22,
        "introduction": "无",
        "userType": "admin"
      }
    },
    {
      "note": {
        "created": "2023-04-25T12:14:30.000+00:00",
        "updated": "2023-04-25T12:14:30.000+00:00",
        "id": 17,
        "userId": 13,
        "username": "Round15",
        "title": "跟我去村口耍帅吧",
        "content": "太帅了",
        "tag": "穿搭",
        "surfacePicture": "https://tanhua-zxm.oss-cn-hangzhou.aliyuncs.com/%E5%B0%8F%E7%BA%A2%E4%B9%A6/%E7%AC%94%E8%AE%B0/%E7%A9%BF%E6%90%AD/%E5%9B%BE%E7%89%87/4/7abd389d552401d7296f85ff21db3bc.png",
        "praisenum": 345,
        "collectionnum": 654,
        "deleted": 0
      },
      "user": {
        "created": "2023-04-25T11:40:36.000+00:00",
        "updated": null,
        "id": 13,
        "username": "Round15",
        "password": "123456",
        "phone": "12345678910",
        "headphoto": "https://tanhua-zxm.oss-cn-hangzhou.aliyuncs.com/%E5%B0%8F%E7%BA%A2%E4%B9%A6/%E5%A4%B4%E5%83%8F/%E7%94%A8%E6%88%B7%E5%A4%B4%E5%83%8F/28.jpg",
        "gender": 1,
        "age": 19,
        "introduction": "无",
        "userType": "normal"
      }
    },
    {
      "note": {
        "created": "2023-04-25T12:14:30.000+00:00",
        "updated": "2023-04-25T12:14:30.000+00:00",
        "id": 18,
        "userId": 14,
        "username": "JezZzZ",
        "title": "重庆什么天气啊一会儿冷一会儿热",
        "content": "六天课 杀了我",
        "tag": "穿搭",
        "surfacePicture": "https://tanhua-zxm.oss-cn-hangzhou.aliyuncs.com/%E5%B0%8F%E7%BA%A2%E4%B9%A6/%E7%AC%94%E8%AE%B0/%E7%A9%BF%E6%90%AD/%E5%9B%BE%E7%89%87/5/0733f8d4665325bc729dcae05a3de51.png",
        "praisenum": 667,
        "collectionnum": 546,
        "deleted": 0
      },
      "user": {
        "created": "2023-04-25T11:40:38.000+00:00",
        "updated": null,
        "id": 14,
        "username": "JezZzZ",
        "password": "123456",
        "phone": "12345678910",
        "headphoto": "https://tanhua-zxm.oss-cn-hangzhou.aliyuncs.com/%E5%B0%8F%E7%BA%A2%E4%B9%A6/%E5%A4%B4%E5%83%8F/%E7%94%A8%E6%88%B7%E5%A4%B4%E5%83%8F/29.jpg",
        "gender": 1,
        "age": 20,
        "introduction": "无",
        "userType": "normal"
      }
    },
    {
      "note": {
        "created": "2023-04-25T12:14:30.000+00:00",
        "updated": "2023-04-25T12:14:30.000+00:00",
        "id": 19,
        "userId": 15,
        "username": "蒋鹏",
        "title": "我这身没戴饼确实缺了点精华",
        "content": "来711当店员啰",
        "tag": "穿搭",
        "surfacePicture": "https://tanhua-zxm.oss-cn-hangzhou.aliyuncs.com/%E5%B0%8F%E7%BA%A2%E4%B9%A6/%E7%AC%94%E8%AE%B0/%E7%A9%BF%E6%90%AD/%E5%9B%BE%E7%89%87/6/6.png",
        "praisenum": 457,
        "collectionnum": 8,
        "deleted": 0
      },
      "user": {
        "created": "2023-04-25T11:40:40.000+00:00",
        "updated": null,
        "id": 15,
        "username": "蒋鹏",
        "password": "123456",
        "phone": "12345678910",
        "headphoto": "https://tanhua-zxm.oss-cn-hangzhou.aliyuncs.com/%E5%B0%8F%E7%BA%A2%E4%B9%A6/%E5%A4%B4%E5%83%8F/%E7%94%A8%E6%88%B7%E5%A4%B4%E5%83%8F/30.jpg",
        "gender": 0,
        "age": 21,
        "introduction": "无",
        "userType": "normal"
      }
    },
    {
      "note": {
        "created": "2023-04-25T12:14:30.000+00:00",
        "updated": "2023-04-25T12:14:30.000+00:00",
        "id": 20,
        "userId": 16,
        "username": "Kalevon",
        "title": "跟咖啡一个色",
        "content": "这一身还蛮搭这个庭院和咖啡",
        "tag": "穿搭",
        "surfacePicture": "https://tanhua-zxm.oss-cn-hangzhou.aliyuncs.com/%E5%B0%8F%E7%BA%A2%E4%B9%A6/%E7%AC%94%E8%AE%B0/%E7%A9%BF%E6%90%AD/%E5%9B%BE%E7%89%87/7/7.png",
        "praisenum": 479,
        "collectionnum": 9978,
        "deleted": 0
      },
      "user": {
        "created": "2023-04-25T11:40:43.000+00:00",
        "updated": null,
        "id": 16,
        "username": "Kalevon",
        "password": "123456",
        "phone": "12345678910",
        "headphoto": "https://tanhua-zxm.oss-cn-hangzhou.aliyuncs.com/%E5%B0%8F%E7%BA%A2%E4%B9%A6/%E5%A4%B4%E5%83%8F/%E7%94%A8%E6%88%B7%E5%A4%B4%E5%83%8F/31.jpg",
        "gender": 1,
        "age": 22,
        "introduction": "无",
        "userType": "normal"
      }
    },
    {
      "note": {
        "created": "2023-04-25T12:14:30.000+00:00",
        "updated": "2023-04-25T12:14:30.000+00:00",
        "id": 21,
        "userId": 17,
        "username": "日空山",
        "title": "风景",
        "content": "当然蓝玫瑰坠入克莱因蓝的海，未曾谋面也终会相遇",
        "tag": "旅行",
        "surfacePicture": "https://tanhua-zxm.oss-cn-hangzhou.aliyuncs.com/%E5%B0%8F%E7%BA%A2%E4%B9%A6/%E7%AC%94%E8%AE%B0/%E6%97%85%E8%A1%8C/%E8%A7%86%E9%A2%91/1/8.png",
        "praisenum": 236,
        "collectionnum": 435,
        "deleted": 0
      },
      "user": {
        "created": "2023-04-25T11:40:48.000+00:00",
        "updated": null,
        "id": 17,
        "username": "日空山",
        "password": "123456",
        "phone": "12345678910",
        "headphoto": "https://tanhua-zxm.oss-cn-hangzhou.aliyuncs.com/%E5%B0%8F%E7%BA%A2%E4%B9%A6/%E5%A4%B4%E5%83%8F/%E7%94%A8%E6%88%B7%E5%A4%B4%E5%83%8F/32.jpg",
        "gender": 1,
        "age": 23,
        "introduction": "无",
        "userType": "normal"
      }
    },
    {
      "note": {
        "created": "2023-04-25T12:14:30.000+00:00",
        "updated": "2023-04-25T12:14:30.000+00:00",
        "id": 22,
        "userId": 18,
        "username": "苏沫",
        "title": "这个夏天总要去一趟屏山吧",
        "content": "国风",
        "tag": "旅行",
        "surfacePicture": "https://tanhua-zxm.oss-cn-hangzhou.aliyuncs.com/%E5%B0%8F%E7%BA%A2%E4%B9%A6/%E7%AC%94%E8%AE%B0/%E6%97%85%E8%A1%8C/%E8%A7%86%E9%A2%91/2/9.png",
        "praisenum": 8999,
        "collectionnum": 45,
        "deleted": 0
      },
      "user": {
        "created": "2023-04-25T11:40:49.000+00:00",
        "updated": null,
        "id": 18,
        "username": "苏沫",
        "password": "123456",
        "phone": "12345678910",
        "headphoto": "https://tanhua-zxm.oss-cn-hangzhou.aliyuncs.com/%E5%B0%8F%E7%BA%A2%E4%B9%A6/%E5%A4%B4%E5%83%8F/%E7%94%A8%E6%88%B7%E5%A4%B4%E5%83%8F/34.jpg",
        "gender": 1,
        "age": 24,
        "introduction": "无",
        "userType": "normal"
      }
    },
    {
      "note": {
        "created": "2023-04-25T12:14:30.000+00:00",
        "updated": "2023-04-25T12:14:30.000+00:00",
        "id": 23,
        "userId": 19,
        "username": "小五",
        "title": "厦门的日落看一万次还是会心动",
        "content": "厦门",
        "tag": "旅行",
        "surfacePicture": "https://tanhua-zxm.oss-cn-hangzhou.aliyuncs.com/%E5%B0%8F%E7%BA%A2%E4%B9%A6/%E7%AC%94%E8%AE%B0/%E6%97%85%E8%A1%8C/%E8%A7%86%E9%A2%91/3/10.png",
        "praisenum": 3456,
        "collectionnum": 453,
        "deleted": 0
      },
      "user": {
        "created": "2023-04-25T11:40:53.000+00:00",
        "updated": null,
        "id": 19,
        "username": "小五",
        "password": "123456",
        "phone": "12345678910",
        "headphoto": "https://tanhua-zxm.oss-cn-hangzhou.aliyuncs.com/%E5%B0%8F%E7%BA%A2%E4%B9%A6/%E5%A4%B4%E5%83%8F/%E7%94%A8%E6%88%B7%E5%A4%B4%E5%83%8F/35.jpg",
        "gender": 1,
        "age": 25,
        "introduction": "无",
        "userType": "normal"
      }
    },
    {
      "note": {
        "created": "2023-04-25T12:14:30.000+00:00",
        "updated": "2023-04-29T03:45:09.000+00:00",
        "id": 24,
        "userId": 1,
        "username": "xm",
        "title": "真实经历，这些坑希望你在平潭千万不要踩",
        "content": "血泪教训，想近期平潭环岛游的uu们请收下这份环岛拍照/路线攻略和避坑指南！",
        "tag": "旅行",
        "surfacePicture": "https://tanhua-zxm.oss-cn-hangzhou.aliyuncs.com/%E5%B0%8F%E7%BA%A2%E4%B9%A6/%E7%AC%94%E8%AE%B0/%E6%97%85%E8%A1%8C/%E5%9B%BE%E7%89%87/1/28eb92a6ea0dcfa9819da74027fb81f.png",
        "praisenum": 433,
        "collectionnum": 456,
        "deleted": 0
      },
      "user": {
        "created": "2023-04-24T12:22:55.000+00:00",
        "updated": "2023-05-04T07:17:47.000+00:00",
        "id": 1,
        "username": "xm",
        "password": "123456",
        "phone": "13850429386",
        "headphoto": "https://tanhua-zxm.oss-cn-hangzhou.aliyuncs.com/%E5%B0%8F%E7%BA%A2%E4%B9%A6/%E5%A4%B4%E5%83%8F/%E7%94%A8%E6%88%B7%E5%A4%B4%E5%83%8F/4.jpg",
        "gender": 1,
        "age": 22,
        "introduction": "无",
        "userType": "admin"
      }
    },
    {
      "note": {
        "created": "2023-04-25T12:14:30.000+00:00",
        "updated": "2023-04-29T07:54:06.000+00:00",
        "id": 25,
        "userId": 1,
        "username": "xm",
        "title": "上海City walk 陆家嘴",
        "content": "陆家嘴网红三件套云朵书店震旦博物馆浦东美术馆东方明珠\r\n全程步行：3km，需要花费一天时间 7-8H\r\n路线包括：拍照+博物馆+艺术展+东方明珠\r\n沿途风景：很多地标性建筑，只要来上海必走路线，相比外滩人山人海，陆家嘴不拥挤的美景更值得",
        "tag": "旅行",
        "surfacePicture": "https://tanhua-zxm.oss-cn-hangzhou.aliyuncs.com/%E5%B0%8F%E7%BA%A2%E4%B9%A6/%E7%AC%94%E8%AE%B0/%E6%97%85%E8%A1%8C/%E5%9B%BE%E7%89%87/2/29e232bd30e6b22787a7351a0126e95.png",
        "praisenum": 7864,
        "collectionnum": 786,
        "deleted": 0
      },
      "user": {
        "created": "2023-04-24T12:22:55.000+00:00",
        "updated": "2023-05-04T07:17:47.000+00:00",
        "id": 1,
        "username": "xm",
        "password": "123456",
        "phone": "13850429386",
        "headphoto": "https://tanhua-zxm.oss-cn-hangzhou.aliyuncs.com/%E5%B0%8F%E7%BA%A2%E4%B9%A6/%E5%A4%B4%E5%83%8F/%E7%94%A8%E6%88%B7%E5%A4%B4%E5%83%8F/4.jpg",
        "gender": 1,
        "age": 22,
        "introduction": "无",
        "userType": "admin"
      }
    },
    {
      "note": {
        "created": "2023-04-25T12:14:30.000+00:00",
        "updated": "2023-04-29T03:45:09.000+00:00",
        "id": 26,
        "userId": 1,
        "username": "xm",
        "title": "大二学生穷游威海",
        "content": "总要去一次威海吧",
        "tag": "旅行",
        "surfacePicture": "https://tanhua-zxm.oss-cn-hangzhou.aliyuncs.com/%E5%B0%8F%E7%BA%A2%E4%B9%A6/%E7%AC%94%E8%AE%B0/%E6%97%85%E8%A1%8C/%E5%9B%BE%E7%89%87/3/f7228ecc01bb58ea03b9098e3732050.png",
        "praisenum": 346,
        "collectionnum": 456,
        "deleted": 0
      },
      "user": {
        "created": "2023-04-24T12:22:55.000+00:00",
        "updated": "2023-05-04T07:17:47.000+00:00",
        "id": 1,
        "username": "xm",
        "password": "123456",
        "phone": "13850429386",
        "headphoto": "https://tanhua-zxm.oss-cn-hangzhou.aliyuncs.com/%E5%B0%8F%E7%BA%A2%E4%B9%A6/%E5%A4%B4%E5%83%8F/%E7%94%A8%E6%88%B7%E5%A4%B4%E5%83%8F/4.jpg",
        "gender": 1,
        "age": 22,
        "introduction": "无",
        "userType": "admin"
      }
    },
    {
      "note": {
        "created": "2023-04-25T12:14:30.000+00:00",
        "updated": "2023-04-25T12:14:30.000+00:00",
        "id": 27,
        "userId": 20,
        "username": "Matt带你游世界",
        "title": "我飘了，竟然想去富士山下的罗森",
        "content": "罗森便利店（富士河口湖町店)",
        "tag": "旅行",
        "surfacePicture": "https://tanhua-zxm.oss-cn-hangzhou.aliyuncs.com/%E5%B0%8F%E7%BA%A2%E4%B9%A6/%E7%AC%94%E8%AE%B0/%E6%97%85%E8%A1%8C/%E5%9B%BE%E7%89%87/4/02bcf9650ef09af88636de412cd358f.png",
        "praisenum": 3677,
        "collectionnum": 96,
        "deleted": 0
      },
      "user": {
        "created": "2023-04-25T11:40:54.000+00:00",
        "updated": null,
        "id": 20,
        "username": "Matt带你游世界",
        "password": "123456",
        "phone": "12345678910",
        "headphoto": "https://tanhua-zxm.oss-cn-hangzhou.aliyuncs.com/%E5%B0%8F%E7%BA%A2%E4%B9%A6/%E5%A4%B4%E5%83%8F/%E7%94%A8%E6%88%B7%E5%A4%B4%E5%83%8F/36.jpg",
        "gender": 0,
        "age": 26,
        "introduction": "无",
        "userType": "normal"
      }
    },
    {
      "note": {
        "created": "2023-04-25T12:14:30.000+00:00",
        "updated": "2023-04-25T12:14:30.000+00:00",
        "id": 28,
        "userId": 21,
        "username": "胖胖的熊大",
        "title": "长沙旅游回来了！最需要注意的就是…",
        "content": "长沙好多人！！不想排队的话！最需要注意的是要提前做好攻略！该预约的及时预约！！该提前准备的都要准备！！\r\n1做了长沙景点介绍和预约开放时间",
        "tag": "旅行",
        "surfacePicture": "https://tanhua-zxm.oss-cn-hangzhou.aliyuncs.com/%E5%B0%8F%E7%BA%A2%E4%B9%A6/%E7%AC%94%E8%AE%B0/%E6%97%85%E8%A1%8C/%E5%9B%BE%E7%89%87/5/096bdd918bc1a315e11af1dd50aec3e.png",
        "praisenum": 5455,
        "collectionnum": 54,
        "deleted": 0
      },
      "user": {
        "created": "2023-04-25T11:40:55.000+00:00",
        "updated": null,
        "id": 21,
        "username": "胖胖的熊大",
        "password": "123456",
        "phone": "12345678910",
        "headphoto": "https://tanhua-zxm.oss-cn-hangzhou.aliyuncs.com/%E5%B0%8F%E7%BA%A2%E4%B9%A6/%E5%A4%B4%E5%83%8F/%E7%94%A8%E6%88%B7%E5%A4%B4%E5%83%8F/37.jpg",
        "gender": 0,
        "age": 27,
        "introduction": "无",
        "userType": "normal"
      }
    },
    {
      "note": {
        "created": "2023-04-25T12:14:30.000+00:00",
        "updated": "2023-04-25T12:14:30.000+00:00",
        "id": 29,
        "userId": 22,
        "username": "Pentaki",
        "title": "坐落在澳洲深处的宇宙之镜",
        "content": "夜幕降临，星空如诗如画地铺陈在头顶。天空之镜犹如一个宇宙之镜，将璀璨星辰、浩渺银河倒映其中，这一刻，仿佛成为了天地间独一无二的旅者。仰望星空，感受到宇宙的浩瀚无垠；俯瞰盐湖，能触摸到星辰的温度。",
        "tag": "旅行",
        "surfacePicture": "https://tanhua-zxm.oss-cn-hangzhou.aliyuncs.com/%E5%B0%8F%E7%BA%A2%E4%B9%A6/%E7%AC%94%E8%AE%B0/%E6%97%85%E8%A1%8C/%E5%9B%BE%E7%89%87/6/12cba05802734b7dbdd3d59d1c1dd93.png",
        "praisenum": 4572,
        "collectionnum": 56,
        "deleted": 0
      },
      "user": {
        "created": "2023-04-25T11:40:56.000+00:00",
        "updated": null,
        "id": 22,
        "username": "Pentaki",
        "password": "123456",
        "phone": "12345678910",
        "headphoto": "https://tanhua-zxm.oss-cn-hangzhou.aliyuncs.com/%E5%B0%8F%E7%BA%A2%E4%B9%A6/%E5%A4%B4%E5%83%8F/%E7%94%A8%E6%88%B7%E5%A4%B4%E5%83%8F/38.jpg",
        "gender": 1,
        "age": 28,
        "introduction": "无",
        "userType": "normal"
      }
    },
    {
      "note": {
        "created": "2023-04-25T12:14:30.000+00:00",
        "updated": "2023-04-25T12:14:30.000+00:00",
        "id": 30,
        "userId": 23,
        "username": "西行西藏Qon",
        "title": "川西的美是靠滤镜吗？",
        "content": "美是需要去发现的\r\n去过那么多次，每次都能发现不一样的美\r\n一年四季各有千秋\r\n雪山巍峨壮观\r\n草甸青翠欲滴\r\n湖泊清爽秀丽\r\n滤镜会让美景更好看，但是不可否认川西本身就很美\r\n所以，川西一直是值得所有人去一次的\r\n相信我你会爱上这个秘境",
        "tag": "旅行",
        "surfacePicture": "https://tanhua-zxm.oss-cn-hangzhou.aliyuncs.com/%E5%B0%8F%E7%BA%A2%E4%B9%A6/%E7%AC%94%E8%AE%B0/%E6%97%85%E8%A1%8C/%E5%9B%BE%E7%89%87/7/b28f840cd8ffbe6792d498d7b6b7b7e.png",
        "praisenum": 633,
        "collectionnum": 5456,
        "deleted": 0
      },
      "user": {
        "created": "2023-04-25T11:40:59.000+00:00",
        "updated": null,
        "id": 23,
        "username": "西行西藏Qon",
        "password": "123456",
        "phone": "12345678910",
        "headphoto": "https://tanhua-zxm.oss-cn-hangzhou.aliyuncs.com/%E5%B0%8F%E7%BA%A2%E4%B9%A6/%E5%A4%B4%E5%83%8F/%E7%94%A8%E6%88%B7%E5%A4%B4%E5%83%8F/39.jpg",
        "gender": 1,
        "age": 29,
        "introduction": "无",
        "userType": "normal"
      }
    },
    {
      "note": {
        "created": "2023-04-25T12:14:30.000+00:00",
        "updated": "2023-04-25T12:14:30.000+00:00",
        "id": 31,
        "userId": 24,
        "username": "驰名",
        "title": "第一次来长沙玩的姐妹进来",
        "content": "长沙好吃的真的太多啦！一条视频根本讲不完",
        "tag": "美食",
        "surfacePicture": "https://tanhua-zxm.oss-cn-hangzhou.aliyuncs.com/%E5%B0%8F%E7%BA%A2%E4%B9%A6/%E7%AC%94%E8%AE%B0/%E7%BE%8E%E9%A3%9F/%E8%A7%86%E9%A2%91/1/%E5%B0%81%E9%9D%A2.png",
        "praisenum": 458,
        "collectionnum": 56,
        "deleted": 0
      },
      "user": {
        "created": "2023-04-25T11:41:00.000+00:00",
        "updated": null,
        "id": 24,
        "username": "驰名",
        "password": "123456",
        "phone": "12345678910",
        "headphoto": "https://tanhua-zxm.oss-cn-hangzhou.aliyuncs.com/%E5%B0%8F%E7%BA%A2%E4%B9%A6/%E5%A4%B4%E5%83%8F/%E7%94%A8%E6%88%B7%E5%A4%B4%E5%83%8F/4.jpg",
        "gender": 1,
        "age": 30,
        "introduction": "无",
        "userType": "normal"
      }
    },
    {
      "note": {
        "created": "2023-04-25T12:14:30.000+00:00",
        "updated": "2023-04-25T12:14:30.000+00:00",
        "id": 32,
        "userId": 25,
        "username": "热爱生活的黄同学",
        "title": "春天不让女朋友出去浪的方法就是给她吃",
        "content": "给嘴馋的女朋友做了口水鸡，麻辣鲜香，肉嫩味美，还有外酥里嫩的椒盐虾仁，配上一锅荷包蛋焖面美滋滋    ",
        "tag": "美食",
        "surfacePicture": "https://tanhua-zxm.oss-cn-hangzhou.aliyuncs.com/%E5%B0%8F%E7%BA%A2%E4%B9%A6/%E7%AC%94%E8%AE%B0/%E7%BE%8E%E9%A3%9F/%E8%A7%86%E9%A2%91/2/%E5%B0%81%E9%9D%A2.png",
        "praisenum": 4578,
        "collectionnum": 86,
        "deleted": 0
      },
      "user": {
        "created": "2023-04-25T11:41:01.000+00:00",
        "updated": null,
        "id": 25,
        "username": "热爱生活的黄同学",
        "password": "123456",
        "phone": "12345678910",
        "headphoto": "https://tanhua-zxm.oss-cn-hangzhou.aliyuncs.com/%E5%B0%8F%E7%BA%A2%E4%B9%A6/%E5%A4%B4%E5%83%8F/%E7%94%A8%E6%88%B7%E5%A4%B4%E5%83%8F/40.jpg",
        "gender": 1,
        "age": 31,
        "introduction": "无",
        "userType": "normal"
      }
    },
    {
      "note": {
        "created": "2023-04-25T12:14:30.000+00:00",
        "updated": "2023-04-25T12:14:30.000+00:00",
        "id": 33,
        "userId": 26,
        "username": "Vanessa",
        "title": "breakfast蒜香芝士厚吐司",
        "content": "早餐不知道吃什么的姐们快试试这款蒜香吐司 口感真的绝了！外脆里嫩搭配芝士好吃到停不下来",
        "tag": "美食",
        "surfacePicture": "https://tanhua-zxm.oss-cn-hangzhou.aliyuncs.com/%E5%B0%8F%E7%BA%A2%E4%B9%A6/%E7%AC%94%E8%AE%B0/%E7%BE%8E%E9%A3%9F/%E8%A7%86%E9%A2%91/3/%E5%B0%81%E9%9D%A2.png",
        "praisenum": 356,
        "collectionnum": 546,
        "deleted": 0
      },
      "user": {
        "created": "2023-04-25T11:41:02.000+00:00",
        "updated": null,
        "id": 26,
        "username": "Vanessa",
        "password": "123456",
        "phone": "12345678910",
        "headphoto": "https://tanhua-zxm.oss-cn-hangzhou.aliyuncs.com/%E5%B0%8F%E7%BA%A2%E4%B9%A6/%E5%A4%B4%E5%83%8F/%E7%94%A8%E6%88%B7%E5%A4%B4%E5%83%8F/41.jpg",
        "gender": 1,
        "age": 32,
        "introduction": "无",
        "userType": "normal"
      }
    },
    {
      "note": {
        "created": "2023-04-25T12:14:30.000+00:00",
        "updated": "2023-04-25T12:14:30.000+00:00",
        "id": 34,
        "userId": 27,
        "username": "椰汁波波",
        "title": "我爸尝了一口…让我原地开店",
        "content": "这个酸辣凉面真的泰适合夏天啦",
        "tag": "美食",
        "surfacePicture": "https://tanhua-zxm.oss-cn-hangzhou.aliyuncs.com/%E5%B0%8F%E7%BA%A2%E4%B9%A6/%E7%AC%94%E8%AE%B0/%E7%BE%8E%E9%A3%9F/%E5%9B%BE%E7%89%87/1/7f67277bf4753e3bce4491a6d0ac22d.png",
        "praisenum": 6565,
        "collectionnum": 846,
        "deleted": 0
      },
      "user": {
        "created": "2023-04-25T11:41:03.000+00:00",
        "updated": null,
        "id": 27,
        "username": "椰汁波波",
        "password": "123456",
        "phone": "12345678910",
        "headphoto": "https://tanhua-zxm.oss-cn-hangzhou.aliyuncs.com/%E5%B0%8F%E7%BA%A2%E4%B9%A6/%E5%A4%B4%E5%83%8F/%E7%94%A8%E6%88%B7%E5%A4%B4%E5%83%8F/42.jpg",
        "gender": 0,
        "age": 33,
        "introduction": "无",
        "userType": "normal"
      }
    },
    {
      "note": {
        "created": "2023-04-25T12:14:30.000+00:00",
        "updated": "2023-04-25T12:14:30.000+00:00",
        "id": 35,
        "userId": 28,
        "username": "菠萝派",
        "title": "再发一遍！这个巨巨巨下饭！！",
        "content": "奶奶做的几十年的酱油手撕鸡腿好好吃，一星期做了好多吃呢",
        "tag": "美食",
        "surfacePicture": "https://tanhua-zxm.oss-cn-hangzhou.aliyuncs.com/%E5%B0%8F%E7%BA%A2%E4%B9%A6/%E7%AC%94%E8%AE%B0/%E7%BE%8E%E9%A3%9F/%E5%9B%BE%E7%89%87/2/c66fb62cbcd24f8dd1a568f0dcdc61a.png",
        "praisenum": 4567,
        "collectionnum": 546,
        "deleted": 0
      },
      "user": {
        "created": "2023-04-25T11:41:04.000+00:00",
        "updated": null,
        "id": 28,
        "username": "菠萝派",
        "password": "123456",
        "phone": "12345678910",
        "headphoto": "https://tanhua-zxm.oss-cn-hangzhou.aliyuncs.com/%E5%B0%8F%E7%BA%A2%E4%B9%A6/%E5%A4%B4%E5%83%8F/%E7%94%A8%E6%88%B7%E5%A4%B4%E5%83%8F/43.jpg",
        "gender": 1,
        "age": 34,
        "introduction": "无",
        "userType": "normal"
      }
    },
    {
      "note": {
        "created": "2023-04-25T12:14:30.000+00:00",
        "updated": "2023-04-25T12:14:30.000+00:00",
        "id": 36,
        "userId": 29,
        "username": "雅雅饿了",
        "title": "奶奶传下来的配方，自制阿达子好吃绝了",
        "content": "手工阿达子真的太好吃啦，晶莹剔透、Q Q弹弹超级有嚼劲、Q弹爽口，糯叽叽比珍珠还好吃，夏天必备哦！！！",
        "tag": "美食",
        "surfacePicture": "https://tanhua-zxm.oss-cn-hangzhou.aliyuncs.com/%E5%B0%8F%E7%BA%A2%E4%B9%A6/%E7%AC%94%E8%AE%B0/%E7%BE%8E%E9%A3%9F/%E5%9B%BE%E7%89%87/3/1f31c8eeb972627a42bad21445ad0ce.png",
        "praisenum": 345,
        "collectionnum": 846,
        "deleted": 0
      },
      "user": {
        "created": "2023-04-25T11:41:05.000+00:00",
        "updated": null,
        "id": 29,
        "username": "雅雅饿了",
        "password": "123456",
        "phone": "12345678910",
        "headphoto": "https://tanhua-zxm.oss-cn-hangzhou.aliyuncs.com/%E5%B0%8F%E7%BA%A2%E4%B9%A6/%E5%A4%B4%E5%83%8F/%E7%94%A8%E6%88%B7%E5%A4%B4%E5%83%8F/45.jpg",
        "gender": 1,
        "age": 35,
        "introduction": "无",
        "userType": "normal"
      }
    },
    {
      "note": {
        "created": "2023-04-25T12:14:30.000+00:00",
        "updated": "2023-04-25T12:14:30.000+00:00",
        "id": 37,
        "userId": 30,
        "username": "神奇妈妈的料理",
        "title": "猫里狗气的虾排堡太可爱了吧！",
        "content": "第一眼看上去还以为是粘土捏的……",
        "tag": "美食",
        "surfacePicture": "https://tanhua-zxm.oss-cn-hangzhou.aliyuncs.com/%E5%B0%8F%E7%BA%A2%E4%B9%A6/%E7%AC%94%E8%AE%B0/%E7%BE%8E%E9%A3%9F/%E5%9B%BE%E7%89%87/4/3f41c567052c9a529ec3d05e7e0202b.png",
        "praisenum": 768,
        "collectionnum": 56,
        "deleted": 0
      },
      "user": {
        "created": "2023-04-25T11:41:06.000+00:00",
        "updated": null,
        "id": 30,
        "username": "神奇妈妈的料理",
        "password": "123456",
        "phone": "12345678910",
        "headphoto": "https://tanhua-zxm.oss-cn-hangzhou.aliyuncs.com/%E5%B0%8F%E7%BA%A2%E4%B9%A6/%E5%A4%B4%E5%83%8F/%E7%94%A8%E6%88%B7%E5%A4%B4%E5%83%8F/46.jpg",
        "gender": 0,
        "age": 36,
        "introduction": "无",
        "userType": "normal"
      }
    },
    {
      "note": {
        "created": "2023-04-25T12:14:30.000+00:00",
        "updated": "2023-04-29T03:45:09.000+00:00",
        "id": 38,
        "userId": 1,
        "username": "xm",
        "title": "分享近期在厦门吃到的...（非常好次的合集）",
        "content": "厦门美食，我的美食日记",
        "tag": "美食",
        "surfacePicture": "https://tanhua-zxm.oss-cn-hangzhou.aliyuncs.com/%E5%B0%8F%E7%BA%A2%E4%B9%A6/%E7%AC%94%E8%AE%B0/%E7%BE%8E%E9%A3%9F/%E5%9B%BE%E7%89%87/5/5f3870abfd29bc015a91db365085d9b.png",
        "praisenum": 45,
        "collectionnum": 96,
        "deleted": 0
      },
      "user": {
        "created": "2023-04-24T12:22:55.000+00:00",
        "updated": "2023-05-04T07:17:47.000+00:00",
        "id": 1,
        "username": "xm",
        "password": "123456",
        "phone": "13850429386",
        "headphoto": "https://tanhua-zxm.oss-cn-hangzhou.aliyuncs.com/%E5%B0%8F%E7%BA%A2%E4%B9%A6/%E5%A4%B4%E5%83%8F/%E7%94%A8%E6%88%B7%E5%A4%B4%E5%83%8F/4.jpg",
        "gender": 1,
        "age": 22,
        "introduction": "无",
        "userType": "admin"
      }
    },
    {
      "note": {
        "created": "2023-04-25T12:14:30.000+00:00",
        "updated": "2023-04-29T03:45:09.000+00:00",
        "id": 39,
        "userId": 1,
        "username": "xm",
        "title": "1r多早餐店倒闭有它一半责任！",
        "content": "往外直透油的肉包子！谁懂啊啊啊！！",
        "tag": "美食",
        "surfacePicture": "https://tanhua-zxm.oss-cn-hangzhou.aliyuncs.com/%E5%B0%8F%E7%BA%A2%E4%B9%A6/%E7%AC%94%E8%AE%B0/%E7%BE%8E%E9%A3%9F/%E5%9B%BE%E7%89%87/6/7246eb9b57ee9a4e7c2d91bd37901df.png",
        "praisenum": 665,
        "collectionnum": 864,
        "deleted": 0
      },
      "user": {
        "created": "2023-04-24T12:22:55.000+00:00",
        "updated": "2023-05-04T07:17:47.000+00:00",
        "id": 1,
        "username": "xm",
        "password": "123456",
        "phone": "13850429386",
        "headphoto": "https://tanhua-zxm.oss-cn-hangzhou.aliyuncs.com/%E5%B0%8F%E7%BA%A2%E4%B9%A6/%E5%A4%B4%E5%83%8F/%E7%94%A8%E6%88%B7%E5%A4%B4%E5%83%8F/4.jpg",
        "gender": 1,
        "age": 22,
        "introduction": "无",
        "userType": "admin"
      }
    },
    {
      "note": {
        "created": "2023-04-25T12:14:30.000+00:00",
        "updated": "2023-04-29T03:45:09.000+00:00",
        "id": 40,
        "userId": 1,
        "username": "xm",
        "title": "今天喝19.9，的椰奶星冰乐",
        "content": "星巴克奶油星冰乐换巴旦木奶，椰浆，可可碎片",
        "tag": "美食",
        "surfacePicture": "https://tanhua-zxm.oss-cn-hangzhou.aliyuncs.com/%E5%B0%8F%E7%BA%A2%E4%B9%A6/%E7%AC%94%E8%AE%B0/%E7%BE%8E%E9%A3%9F/%E5%9B%BE%E7%89%87/7/ab53ff3630fb1cec529500bf4f518c2.png",
        "praisenum": 654,
        "collectionnum": 846,
        "deleted": 0
      },
      "user": {
        "created": "2023-04-24T12:22:55.000+00:00",
        "updated": "2023-05-04T07:17:47.000+00:00",
        "id": 1,
        "username": "xm",
        "password": "123456",
        "phone": "13850429386",
        "headphoto": "https://tanhua-zxm.oss-cn-hangzhou.aliyuncs.com/%E5%B0%8F%E7%BA%A2%E4%B9%A6/%E5%A4%B4%E5%83%8F/%E7%94%A8%E6%88%B7%E5%A4%B4%E5%83%8F/4.jpg",
        "gender": 1,
        "age": 22,
        "introduction": "无",
        "userType": "admin"
      }
    },
    {
      "note": {
        "created": "2023-04-25T12:14:30.000+00:00",
        "updated": "2023-04-25T12:14:30.000+00:00",
        "id": 41,
        "userId": 31,
        "username": "票",
        "title": "拍烂片？败名声？到底图什么？",
        "content": "3楼跳下来 背摔没有任何措施，别催牛逼 我不信。什么概念 ",
        "tag": "其它",
        "surfacePicture": "https://tanhua-zxm.oss-cn-hangzhou.aliyuncs.com/%E5%B0%8F%E7%BA%A2%E4%B9%A6/%E7%AC%94%E8%AE%B0/%E5%85%B6%E5%AE%83/%E8%A7%86%E9%A2%91/1/%E5%B0%81%E9%9D%A2.png",
        "praisenum": 6543,
        "collectionnum": 6,
        "deleted": 0
      },
      "user": {
        "created": "2023-04-25T11:41:06.000+00:00",
        "updated": null,
        "id": 31,
        "username": "票",
        "password": "123456",
        "phone": "12345678910",
        "headphoto": "https://tanhua-zxm.oss-cn-hangzhou.aliyuncs.com/%E5%B0%8F%E7%BA%A2%E4%B9%A6/%E5%A4%B4%E5%83%8F/%E7%94%A8%E6%88%B7%E5%A4%B4%E5%83%8F/47.jpg",
        "gender": 1,
        "age": 37,
        "introduction": "无",
        "userType": "normal"
      }
    },
    {
      "note": {
        "created": "2023-04-25T12:14:30.000+00:00",
        "updated": "2023-04-25T12:14:30.000+00:00",
        "id": 42,
        "userId": 32,
        "username": "Dille",
        "title": "荷尔蒙爆棚的凯文哥",
        "content": "无耻之徒",
        "tag": "其它",
        "surfacePicture": "https://tanhua-zxm.oss-cn-hangzhou.aliyuncs.com/%E5%B0%8F%E7%BA%A2%E4%B9%A6/%E7%AC%94%E8%AE%B0/%E5%85%B6%E5%AE%83/%E8%A7%86%E9%A2%91/2/%E5%B0%81%E9%9D%A2.png",
        "praisenum": 456,
        "collectionnum": 6,
        "deleted": 0
      },
      "user": {
        "created": "2023-04-25T11:41:07.000+00:00",
        "updated": null,
        "id": 32,
        "username": "Dille",
        "password": "123456",
        "phone": "12345678910",
        "headphoto": "https://tanhua-zxm.oss-cn-hangzhou.aliyuncs.com/%E5%B0%8F%E7%BA%A2%E4%B9%A6/%E5%A4%B4%E5%83%8F/%E7%94%A8%E6%88%B7%E5%A4%B4%E5%83%8F/48.jpg",
        "gender": 1,
        "age": 38,
        "introduction": "无",
        "userType": "normal"
      }
    },
    {
      "note": {
        "created": "2023-04-25T12:14:30.000+00:00",
        "updated": "2023-04-25T12:14:30.000+00:00",
        "id": 43,
        "userId": 33,
        "username": "云宝儿",
        "title": "虚假的穷人VS真实的穷人",
        "content": "张颂文",
        "tag": "其它",
        "surfacePicture": "https://tanhua-zxm.oss-cn-hangzhou.aliyuncs.com/%E5%B0%8F%E7%BA%A2%E4%B9%A6/%E7%AC%94%E8%AE%B0/%E5%85%B6%E5%AE%83/%E8%A7%86%E9%A2%91/3/%E5%B0%81%E9%9D%A2.png",
        "praisenum": 866,
        "collectionnum": 89,
        "deleted": 0
      },
      "user": {
        "created": "2023-04-25T11:41:07.000+00:00",
        "updated": null,
        "id": 33,
        "username": "云宝儿",
        "password": "123456",
        "phone": "12345678910",
        "headphoto": "https://tanhua-zxm.oss-cn-hangzhou.aliyuncs.com/%E5%B0%8F%E7%BA%A2%E4%B9%A6/%E5%A4%B4%E5%83%8F/%E7%94%A8%E6%88%B7%E5%A4%B4%E5%83%8F/49.jpg",
        "gender": 0,
        "age": 39,
        "introduction": "无",
        "userType": "normal"
      }
    },
    {
      "note": {
        "created": "2023-04-25T12:14:30.000+00:00",
        "updated": "2023-04-25T12:14:30.000+00:00",
        "id": 44,
        "userId": 34,
        "username": "阿棒的觅食计划",
        "title": "愿每个去长沙的人都能刷到",
        "content": "马上五一假期了，好多朋友来长沙旅游！作为在长沙学习生活7年的土著，给大家整理了「2天1夜的自由行线路攻略」，有需要的宝子可以参考我的行程哦！一点不会踩雷！",
        "tag": "其它",
        "surfacePicture": "https://tanhua-zxm.oss-cn-hangzhou.aliyuncs.com/%E5%B0%8F%E7%BA%A2%E4%B9%A6/%E7%AC%94%E8%AE%B0/%E5%85%B6%E5%AE%83/%E5%9B%BE%E7%89%87/1/0e4e98e85cac442efe792e7a7330a88.png",
        "praisenum": 673,
        "collectionnum": 486,
        "deleted": 0
      },
      "user": {
        "created": "2023-04-25T11:41:09.000+00:00",
        "updated": null,
        "id": 34,
        "username": "阿棒的觅食计划",
        "password": "123456",
        "phone": "12345678910",
        "headphoto": "https://tanhua-zxm.oss-cn-hangzhou.aliyuncs.com/%E5%B0%8F%E7%BA%A2%E4%B9%A6/%E5%A4%B4%E5%83%8F/%E7%94%A8%E6%88%B7%E5%A4%B4%E5%83%8F/50.jpg",
        "gender": 1,
        "age": 40,
        "introduction": "无",
        "userType": "normal"
      }
    },
    {
      "note": {
        "created": "2023-04-25T12:14:30.000+00:00",
        "updated": "2023-04-25T12:14:30.000+00:00",
        "id": 45,
        "userId": 35,
        "username": "NASA-探索",
        "title": "从太空视角看喜马拉雅山",
        "content": "人类的纷争并不重要，看看远处的雪山吧",
        "tag": "其它",
        "surfacePicture": "https://tanhua-zxm.oss-cn-hangzhou.aliyuncs.com/%E5%B0%8F%E7%BA%A2%E4%B9%A6/%E7%AC%94%E8%AE%B0/%E5%85%B6%E5%AE%83/%E5%9B%BE%E7%89%87/2/b08bb40bc93b6e214236057c66be87d.png",
        "praisenum": 6757,
        "collectionnum": 486,
        "deleted": 0
      },
      "user": {
        "created": "2023-04-25T11:41:10.000+00:00",
        "updated": null,
        "id": 35,
        "username": "NASA-探索",
        "password": "123456",
        "phone": "12345678910",
        "headphoto": "https://tanhua-zxm.oss-cn-hangzhou.aliyuncs.com/%E5%B0%8F%E7%BA%A2%E4%B9%A6/%E5%A4%B4%E5%83%8F/%E7%94%A8%E6%88%B7%E5%A4%B4%E5%83%8F/10.jpg",
        "gender": 1,
        "age": 41,
        "introduction": "无",
        "userType": "normal"
      }
    },
    {
      "note": {
        "created": "2023-04-25T12:14:30.000+00:00",
        "updated": "2023-04-25T12:14:30.000+00:00",
        "id": 46,
        "userId": 36,
        "username": "Maxxx",
        "title": "釜山行",
        "content": "咱们去釜山尊的是去拍釜山行3的 落地大暴雨\r\n天气巨差 釜山的食物店把犬妹气哭",
        "tag": "其它",
        "surfacePicture": "https://tanhua-zxm.oss-cn-hangzhou.aliyuncs.com/%E5%B0%8F%E7%BA%A2%E4%B9%A6/%E7%AC%94%E8%AE%B0/%E5%85%B6%E5%AE%83/%E5%9B%BE%E7%89%87/3/12a4b2452df24057d083211955eafd0.png",
        "praisenum": 457,
        "collectionnum": 546,
        "deleted": 0
      },
      "user": {
        "created": "2023-04-25T11:41:11.000+00:00",
        "updated": null,
        "id": 36,
        "username": "Maxxx",
        "password": "123456",
        "phone": "12345678910",
        "headphoto": "https://tanhua-zxm.oss-cn-hangzhou.aliyuncs.com/%E5%B0%8F%E7%BA%A2%E4%B9%A6/%E5%A4%B4%E5%83%8F/%E7%94%A8%E6%88%B7%E5%A4%B4%E5%83%8F/11.jpg",
        "gender": 0,
        "age": 42,
        "introduction": "无",
        "userType": "normal"
      }
    },
    {
      "note": {
        "created": "2023-04-25T12:14:30.000+00:00",
        "updated": "2023-04-25T12:14:30.000+00:00",
        "id": 47,
        "userId": 37,
        "username": "王内个科",
        "title": "无眉大侠踹你三脚",
        "content": "眉毛漂太浅了！\r\n前面的照片用了朋友给的深棕色染眉膏\r\n最后一张是洗下来的样子……\r\n不过还行\r\n倒是挺特别的……",
        "tag": "其它",
        "surfacePicture": "https://tanhua-zxm.oss-cn-hangzhou.aliyuncs.com/%E5%B0%8F%E7%BA%A2%E4%B9%A6/%E7%AC%94%E8%AE%B0/%E5%85%B6%E5%AE%83/%E5%9B%BE%E7%89%87/4/0fcf2471e8370d638562ac66a12f82f.png",
        "praisenum": 457,
        "collectionnum": 68,
        "deleted": 0
      },
      "user": {
        "created": "2023-04-25T11:41:12.000+00:00",
        "updated": null,
        "id": 37,
        "username": "王内个科",
        "password": "123456",
        "phone": "12345678910",
        "headphoto": "https://tanhua-zxm.oss-cn-hangzhou.aliyuncs.com/%E5%B0%8F%E7%BA%A2%E4%B9%A6/%E5%A4%B4%E5%83%8F/%E7%94%A8%E6%88%B7%E5%A4%B4%E5%83%8F/12.jpg",
        "gender": 1,
        "age": 43,
        "introduction": "无",
        "userType": "normal"
      }
    },
    {
      "note": {
        "created": "2023-04-25T12:14:30.000+00:00",
        "updated": "2023-04-29T03:45:09.000+00:00",
        "id": 48,
        "userId": 1,
        "username": "xm",
        "title": "只会画眉毛",
        "content": "画眉毛",
        "tag": "其它",
        "surfacePicture": "https://tanhua-zxm.oss-cn-hangzhou.aliyuncs.com/%E5%B0%8F%E7%BA%A2%E4%B9%A6/%E7%AC%94%E8%AE%B0/%E5%85%B6%E5%AE%83/%E5%9B%BE%E7%89%87/5/625c3269603a46a3fc88a7e5ebccded.png",
        "praisenum": 846,
        "collectionnum": 5468,
        "deleted": 0
      },
      "user": {
        "created": "2023-04-24T12:22:55.000+00:00",
        "updated": "2023-05-04T07:17:47.000+00:00",
        "id": 1,
        "username": "xm",
        "password": "123456",
        "phone": "13850429386",
        "headphoto": "https://tanhua-zxm.oss-cn-hangzhou.aliyuncs.com/%E5%B0%8F%E7%BA%A2%E4%B9%A6/%E5%A4%B4%E5%83%8F/%E7%94%A8%E6%88%B7%E5%A4%B4%E5%83%8F/4.jpg",
        "gender": 1,
        "age": 22,
        "introduction": "无",
        "userType": "admin"
      }
    },
    {
      "note": {
        "created": "2023-04-25T12:14:30.000+00:00",
        "updated": "2023-04-29T03:45:09.000+00:00",
        "id": 49,
        "userId": 1,
        "username": "xm",
        "title": "当大学生三年赚了三千万",
        "content": "千万要开心 千万要幸福 千万要健康",
        "tag": "其它",
        "surfacePicture": "https://tanhua-zxm.oss-cn-hangzhou.aliyuncs.com/%E5%B0%8F%E7%BA%A2%E4%B9%A6/%E7%AC%94%E8%AE%B0/%E5%85%B6%E5%AE%83/%E5%9B%BE%E7%89%87/6/0926d84349f2696613745b2491f66ec.png",
        "praisenum": 535,
        "collectionnum": 4865,
        "deleted": 0
      },
      "user": {
        "created": "2023-04-24T12:22:55.000+00:00",
        "updated": "2023-05-04T07:17:47.000+00:00",
        "id": 1,
        "username": "xm",
        "password": "123456",
        "phone": "13850429386",
        "headphoto": "https://tanhua-zxm.oss-cn-hangzhou.aliyuncs.com/%E5%B0%8F%E7%BA%A2%E4%B9%A6/%E5%A4%B4%E5%83%8F/%E7%94%A8%E6%88%B7%E5%A4%B4%E5%83%8F/4.jpg",
        "gender": 1,
        "age": 22,
        "introduction": "无",
        "userType": "admin"
      }
    },
    {
      "note": {
        "created": "2023-04-25T12:14:30.000+00:00",
        "updated": "2023-04-29T07:53:52.000+00:00",
        "id": 50,
        "userId": 1,
        "username": "xm",
        "title": "水肿是我一生的痛 除非让我化妆后去出道…..",
        "content": ":谁能懂睡到下午一点后整张脸变成发面馒头的痛",
        "tag": "其它",
        "surfacePicture": "https://tanhua-zxm.oss-cn-hangzhou.aliyuncs.com/%E5%B0%8F%E7%BA%A2%E4%B9%A6/%E7%AC%94%E8%AE%B0/%E5%85%B6%E5%AE%83/%E5%9B%BE%E7%89%87/7/0c4802cd41042f2d6d443a6b276e8b1.png",
        "praisenum": 345,
        "collectionnum": 486,
        "deleted": 0
      },
      "user": {
        "created": "2023-04-24T12:22:55.000+00:00",
        "updated": "2023-05-04T07:17:47.000+00:00",
        "id": 1,
        "username": "xm",
        "password": "123456",
        "phone": "13850429386",
        "headphoto": "https://tanhua-zxm.oss-cn-hangzhou.aliyuncs.com/%E5%B0%8F%E7%BA%A2%E4%B9%A6/%E5%A4%B4%E5%83%8F/%E7%94%A8%E6%88%B7%E5%A4%B4%E5%83%8F/4.jpg",
        "gender": 1,
        "age": 22,
        "introduction": "无",
        "userType": "admin"
      }
    },
    {
      "note": {
        "created": "2023-05-22T06:39:43.000+00:00",
        "updated": null,
        "id": 51,
        "userId": 27,
        "username": "Vanessa",
        "title": "今天喝19.9，的椰奶星冰乐",
        "content": "星巴克奶油星冰乐换巴旦木奶，椰浆，可可碎片",
        "tag": "美食",
        "surfacePicture": "https://tanhua-zxm.oss-cn-hangzhou.aliyuncs.com/%E5%B0%8F%E7%BA%A2%E4%B9%A6/%E7%AC%94%E8%AE%B0/%E7%BE%8E%E9%A3%9F/%E5%9B%BE%E7%89%87/7/ab53ff3630fb1cec529500bf4f518c2.png",
        "praisenum": 45,
        "collectionnum": 45,
        "deleted": 0
      },
      "user": {
        "created": "2023-04-25T11:41:03.000+00:00",
        "updated": null,
        "id": 27,
        "username": "椰汁波波",
        "password": "123456",
        "phone": "12345678910",
        "headphoto": "https://tanhua-zxm.oss-cn-hangzhou.aliyuncs.com/%E5%B0%8F%E7%BA%A2%E4%B9%A6/%E5%A4%B4%E5%83%8F/%E7%94%A8%E6%88%B7%E5%A4%B4%E5%83%8F/42.jpg",
        "gender": 0,
        "age": 33,
        "introduction": "无",
        "userType": "normal"
      }
    },
    {
      "note": {
        "created": "2023-05-22T06:39:46.000+00:00",
        "updated": null,
        "id": 52,
        "userId": 28,
        "username": "菠萝派",
        "title": "1r多早餐店倒闭有它一半责任！",
        "content": "往外直透油的肉包子！谁懂啊啊啊！",
        "tag": "美食",
        "surfacePicture": "https://tanhua-zxm.oss-cn-hangzhou.aliyuncs.com/%E5%B0%8F%E7%BA%A2%E4%B9%A6/%E7%AC%94%E8%AE%B0/%E7%BE%8E%E9%A3%9F/%E5%9B%BE%E7%89%87/6/7246eb9b57ee9a4e7c2d91bd37901df.png",
        "praisenum": 456,
        "collectionnum": 756,
        "deleted": 0
      },
      "user": {
        "created": "2023-04-25T11:41:04.000+00:00",
        "updated": null,
        "id": 28,
        "username": "菠萝派",
        "password": "123456",
        "phone": "12345678910",
        "headphoto": "https://tanhua-zxm.oss-cn-hangzhou.aliyuncs.com/%E5%B0%8F%E7%BA%A2%E4%B9%A6/%E5%A4%B4%E5%83%8F/%E7%94%A8%E6%88%B7%E5%A4%B4%E5%83%8F/43.jpg",
        "gender": 1,
        "age": 34,
        "introduction": "无",
        "userType": "normal"
      }
    },
    {
      "note": {
        "created": "2023-05-22T09:36:10.000+00:00",
        "updated": null,
        "id": 53,
        "userId": 1,
        "username": "xm",
        "title": "阳光下草地上的书本",
        "content": "阳光下，草地上，打开书本，感悟人生。\r\n夏日炎炎，时不时的觉着自己没有了力气，\r\n需要找个清凉的地方，好好静一静，",
        "tag": "书籍",
        "surfacePicture": "https://tanhua-zxm.oss-cn-hangzhou.aliyuncs.com/%E5%B0%8F%E7%BA%A2%E4%B9%A6/%E7%AC%94%E8%AE%B0/%E4%B9%A6%E7%B1%8D/%E8%A7%86%E9%A2%91/1/%E5%B0%81%E9%9D%A2.png",
        "praisenum": 45,
        "collectionnum": 24,
        "deleted": 0
      },
      "user": {
        "created": "2023-04-24T12:22:55.000+00:00",
        "updated": "2023-05-04T07:17:47.000+00:00",
        "id": 1,
        "username": "xm",
        "password": "123456",
        "phone": "13850429386",
        "headphoto": "https://tanhua-zxm.oss-cn-hangzhou.aliyuncs.com/%E5%B0%8F%E7%BA%A2%E4%B9%A6/%E5%A4%B4%E5%83%8F/%E7%94%A8%E6%88%B7%E5%A4%B4%E5%83%8F/4.jpg",
        "gender": 1,
        "age": 22,
        "introduction": "无",
        "userType": "admin"
      }
    },
    {
      "note": {
        "created": "2023-05-22T09:36:15.000+00:00",
        "updated": null,
        "id": 54,
        "userId": 1,
        "username": "xm",
        "title": "荐书|《自卑与超越》 阿德勒 心理学经典",
        "content": "好书推荐，暴躁解读，长期主义，一起学习。\r\n看完视频就去看书，学会自律，缓解焦虑。",
        "tag": "书籍",
        "surfacePicture": "https://tanhua-zxm.oss-cn-hangzhou.aliyuncs.com/%E5%B0%8F%E7%BA%A2%E4%B9%A6/%E7%AC%94%E8%AE%B0/%E4%B9%A6%E7%B1%8D/%E8%A7%86%E9%A2%91/2/%E5%B0%81%E9%9D%A2.png",
        "praisenum": 678,
        "collectionnum": 463,
        "deleted": 0
      },
      "user": {
        "created": "2023-04-24T12:22:55.000+00:00",
        "updated": "2023-05-04T07:17:47.000+00:00",
        "id": 1,
        "username": "xm",
        "password": "123456",
        "phone": "13850429386",
        "headphoto": "https://tanhua-zxm.oss-cn-hangzhou.aliyuncs.com/%E5%B0%8F%E7%BA%A2%E4%B9%A6/%E5%A4%B4%E5%83%8F/%E7%94%A8%E6%88%B7%E5%A4%B4%E5%83%8F/4.jpg",
        "gender": 1,
        "age": 22,
        "introduction": "无",
        "userType": "admin"
      }
    },
    {
      "note": {
        "created": "2023-05-22T09:36:16.000+00:00",
        "updated": null,
        "id": 55,
        "userId": 1,
        "username": "xm",
        "title": "一个翻书视频",
        "content": "《我们看什么，我们就成为什么》",
        "tag": "书籍",
        "surfacePicture": "https://tanhua-zxm.oss-cn-hangzhou.aliyuncs.com/%E5%B0%8F%E7%BA%A2%E4%B9%A6/%E7%AC%94%E8%AE%B0/%E4%B9%A6%E7%B1%8D/%E8%A7%86%E9%A2%91/3/%E5%B0%81%E9%9D%A2.png",
        "praisenum": 3525,
        "collectionnum": 567,
        "deleted": 0
      },
      "user": {
        "created": "2023-04-24T12:22:55.000+00:00",
        "updated": "2023-05-04T07:17:47.000+00:00",
        "id": 1,
        "username": "xm",
        "password": "123456",
        "phone": "13850429386",
        "headphoto": "https://tanhua-zxm.oss-cn-hangzhou.aliyuncs.com/%E5%B0%8F%E7%BA%A2%E4%B9%A6/%E5%A4%B4%E5%83%8F/%E7%94%A8%E6%88%B7%E5%A4%B4%E5%83%8F/4.jpg",
        "gender": 1,
        "age": 22,
        "introduction": "无",
        "userType": "admin"
      }
    },
    {
      "note": {
        "created": "2023-05-22T09:36:18.000+00:00",
        "updated": null,
        "id": 56,
        "userId": 3,
        "username": "21克",
        "title": "书籍设计",
        "content": "之前书籍项目的视频版本",
        "tag": "书籍",
        "surfacePicture": "https://tanhua-zxm.oss-cn-hangzhou.aliyuncs.com/%E5%B0%8F%E7%BA%A2%E4%B9%A6/%E7%AC%94%E8%AE%B0/%E4%B9%A6%E7%B1%8D/%E8%A7%86%E9%A2%91/4/%E5%B0%81%E9%9D%A2.png",
        "praisenum": 678,
        "collectionnum": 23,
        "deleted": 0
      },
      "user": {
        "created": "2023-04-12T11:23:32.000+00:00",
        "updated": "2023-04-25T11:23:37.000+00:00",
        "id": 3,
        "username": "21克",
        "password": "123456",
        "phone": "12345678910",
        "headphoto": "https://tanhua-zxm.oss-cn-hangzhou.aliyuncs.com/%E5%B0%8F%E7%BA%A2%E4%B9%A6/%E5%A4%B4%E5%83%8F/%E7%94%A8%E6%88%B7%E5%A4%B4%E5%83%8F/7.jpg",
        "gender": 1,
        "age": 54,
        "introduction": "无",
        "userType": "normal"
      }
    },
    {
      "note": {
        "created": "2023-05-22T09:36:20.000+00:00",
        "updated": null,
        "id": 57,
        "userId": 5,
        "username": "安仔",
        "title": "云边有个小卖部",
        "content": "微视频 超治愈的好书 任何人没看过我都会伤心",
        "tag": "书籍",
        "surfacePicture": "https://tanhua-zxm.oss-cn-hangzhou.aliyuncs.com/%E5%B0%8F%E7%BA%A2%E4%B9%A6/%E7%AC%94%E8%AE%B0/%E4%B9%A6%E7%B1%8D/%E8%A7%86%E9%A2%91/5/%E5%B0%81%E9%9D%A2.png",
        "praisenum": 123,
        "collectionnum": 5747,
        "deleted": 0
      },
      "user": {
        "created": "2023-04-28T11:25:39.000+00:00",
        "updated": "2023-04-25T11:25:42.000+00:00",
        "id": 5,
        "username": "安仔",
        "password": "123456",
        "phone": "345678910",
        "headphoto": "https://tanhua-zxm.oss-cn-hangzhou.aliyuncs.com/%E5%B0%8F%E7%BA%A2%E4%B9%A6/%E5%A4%B4%E5%83%8F/%E7%94%A8%E6%88%B7%E5%A4%B4%E5%83%8F/9.jpg",
        "gender": 1,
        "age": 23,
        "introduction": "无",
        "userType": "normal"
      }
    },
    {
      "note": {
        "created": "2023-05-22T09:36:22.000+00:00",
        "updated": null,
        "id": 58,
        "userId": 6,
        "username": "Jerry",
        "title": "自出版摄影书",
        "content": "录制了一个翻书视频，这本50页的摄影书",
        "tag": "书籍",
        "surfacePicture": "https://tanhua-zxm.oss-cn-hangzhou.aliyuncs.com/%E5%B0%8F%E7%BA%A2%E4%B9%A6/%E7%AC%94%E8%AE%B0/%E4%B9%A6%E7%B1%8D/%E8%A7%86%E9%A2%91/6/%E5%B0%81%E9%9D%A2.png",
        "praisenum": 234,
        "collectionnum": 346,
        "deleted": 0
      },
      "user": {
        "created": "2023-04-25T11:40:11.000+00:00",
        "updated": "2023-04-25T11:40:14.000+00:00",
        "id": 6,
        "username": "Jerry",
        "password": "123456",
        "phone": "12345678910",
        "headphoto": "https://tanhua-zxm.oss-cn-hangzhou.aliyuncs.com/%E5%B0%8F%E7%BA%A2%E4%B9%A6/%E5%A4%B4%E5%83%8F/%E7%94%A8%E6%88%B7%E5%A4%B4%E5%83%8F/20.jpg",
        "gender": 1,
        "age": 12,
        "introduction": "无",
        "userType": "normal"
      }
    },
    {
      "note": {
        "created": "2023-05-22T09:36:23.000+00:00",
        "updated": null,
        "id": 59,
        "userId": 10,
        "username": "迷人布",
        "title": "好书",
        "content": "《活着》讲述了农村人福贵悲惨的人生遭遇。福贵本是个阔少爷，可他嗜赌如命，终于赌光了家业，一贫如洗。",
        "tag": "书籍",
        "surfacePicture": "https://tanhua-zxm.oss-cn-hangzhou.aliyuncs.com/%E5%B0%8F%E7%BA%A2%E4%B9%A6/%E7%AC%94%E8%AE%B0/%E4%B9%A6%E7%B1%8D/%E8%A7%86%E9%A2%91/7/%E5%B0%81%E9%9D%A2.png",
        "praisenum": 35,
        "collectionnum": 45,
        "deleted": 0
      },
      "user": {
        "created": "2023-04-25T11:40:28.000+00:00",
        "updated": null,
        "id": 10,
        "username": "阿泽爱吃面",
        "password": "123456",
        "phone": "12345678910",
        "headphoto": "https://tanhua-zxm.oss-cn-hangzhou.aliyuncs.com/%E5%B0%8F%E7%BA%A2%E4%B9%A6/%E5%A4%B4%E5%83%8F/%E7%94%A8%E6%88%B7%E5%A4%B4%E5%83%8F/24.jpg",
        "gender": 1,
        "age": 16,
        "introduction": "无",
        "userType": "normal"
      }
    },
    {
      "note": {
        "created": "2023-05-22T09:36:25.000+00:00",
        "updated": null,
        "id": 60,
        "userId": 18,
        "username": "苏沫",
        "title": "富士VLOG",
        "content": "富士直出日常小视频，这次是亲子阅读主题，也适合图书馆，书店，读书的视频拍摄！可以互相参考找找分镜灵感！",
        "tag": "书籍",
        "surfacePicture": "https://tanhua-zxm.oss-cn-hangzhou.aliyuncs.com/%E5%B0%8F%E7%BA%A2%E4%B9%A6/%E7%AC%94%E8%AE%B0/%E4%B9%A6%E7%B1%8D/%E8%A7%86%E9%A2%91/8/%E5%B0%81%E9%9D%A2.png",
        "praisenum": 356,
        "collectionnum": 343,
        "deleted": 0
      },
      "user": {
        "created": "2023-04-25T11:40:49.000+00:00",
        "updated": null,
        "id": 18,
        "username": "苏沫",
        "password": "123456",
        "phone": "12345678910",
        "headphoto": "https://tanhua-zxm.oss-cn-hangzhou.aliyuncs.com/%E5%B0%8F%E7%BA%A2%E4%B9%A6/%E5%A4%B4%E5%83%8F/%E7%94%A8%E6%88%B7%E5%A4%B4%E5%83%8F/34.jpg",
        "gender": 1,
        "age": 24,
        "introduction": "无",
        "userType": "normal"
      }
    },
    {
      "note": {
        "created": "2023-05-22T09:36:26.000+00:00",
        "updated": null,
        "id": 61,
        "userId": 25,
        "username": "热爱生活的黄同学",
        "title": "翻书视频啦！我的第一本手工影集",
        "content": "翻书视频来啦！！\r\n我的第一本手工影集\r\nThe wind in the trees",
        "tag": "书籍",
        "surfacePicture": "https://tanhua-zxm.oss-cn-hangzhou.aliyuncs.com/%E5%B0%8F%E7%BA%A2%E4%B9%A6/%E7%AC%94%E8%AE%B0/%E4%B9%A6%E7%B1%8D/%E8%A7%86%E9%A2%91/9/%E5%B0%81%E9%9D%A2.png",
        "praisenum": 237,
        "collectionnum": 346,
        "deleted": 0
      },
      "user": {
        "created": "2023-04-25T11:41:01.000+00:00",
        "updated": null,
        "id": 25,
        "username": "热爱生活的黄同学",
        "password": "123456",
        "phone": "12345678910",
        "headphoto": "https://tanhua-zxm.oss-cn-hangzhou.aliyuncs.com/%E5%B0%8F%E7%BA%A2%E4%B9%A6/%E5%A4%B4%E5%83%8F/%E7%94%A8%E6%88%B7%E5%A4%B4%E5%83%8F/40.jpg",
        "gender": 1,
        "age": 31,
        "introduction": "无",
        "userType": "normal"
      }
    },
    {
      "note": {
        "created": "2023-05-22T09:36:29.000+00:00",
        "updated": null,
        "id": 62,
        "userId": 27,
        "username": "椰汁波波",
        "title": "NO.122 《Fahrenheit 451》-热敏书籍实验",
        "content": "《Heat》《Fahrenheit 451》两本书籍的热敏书籍实验视频",
        "tag": "书籍",
        "surfacePicture": "https://tanhua-zxm.oss-cn-hangzhou.aliyuncs.com/%E5%B0%8F%E7%BA%A2%E4%B9%A6/%E7%AC%94%E8%AE%B0/%E4%B9%A6%E7%B1%8D/%E8%A7%86%E9%A2%91/10/%E5%B0%81%E9%9D%A2.png",
        "praisenum": 343,
        "collectionnum": 375,
        "deleted": 0
      },
      "user": {
        "created": "2023-04-25T11:41:03.000+00:00",
        "updated": null,
        "id": 27,
        "username": "椰汁波波",
        "password": "123456",
        "phone": "12345678910",
        "headphoto": "https://tanhua-zxm.oss-cn-hangzhou.aliyuncs.com/%E5%B0%8F%E7%BA%A2%E4%B9%A6/%E5%A4%B4%E5%83%8F/%E7%94%A8%E6%88%B7%E5%A4%B4%E5%83%8F/42.jpg",
        "gender": 0,
        "age": 33,
        "introduction": "无",
        "userType": "normal"
      }
    },
    {
      "note": {
        "created": "2023-05-22T09:36:32.000+00:00",
        "updated": null,
        "id": 63,
        "userId": 28,
        "username": "菠萝派",
        "title": "《非神剩的爱》李翰原｜摄影书翻阅",
        "content": "这学期的手工书大作业终于做完啦，来看看翻书视频吧",
        "tag": "书籍",
        "surfacePicture": "https://tanhua-zxm.oss-cn-hangzhou.aliyuncs.com/%E5%B0%8F%E7%BA%A2%E4%B9%A6/%E7%AC%94%E8%AE%B0/%E4%B9%A6%E7%B1%8D/%E8%A7%86%E9%A2%91/11/%E5%B0%81%E9%9D%A2.png",
        "praisenum": 36,
        "collectionnum": 3573,
        "deleted": 0
      },
      "user": {
        "created": "2023-04-25T11:41:04.000+00:00",
        "updated": null,
        "id": 28,
        "username": "菠萝派",
        "password": "123456",
        "phone": "12345678910",
        "headphoto": "https://tanhua-zxm.oss-cn-hangzhou.aliyuncs.com/%E5%B0%8F%E7%BA%A2%E4%B9%A6/%E5%A4%B4%E5%83%8F/%E7%94%A8%E6%88%B7%E5%A4%B4%E5%83%8F/43.jpg",
        "gender": 1,
        "age": 34,
        "introduction": "无",
        "userType": "normal"
      }
    },
    {
      "note": {
        "created": "2023-05-22T09:36:34.000+00:00",
        "updated": null,
        "id": 64,
        "userId": 29,
        "username": "雅雅饿了",
        "title": "每日设计打卡",
        "content": "巜恶意》封面设计的制作过程视频",
        "tag": "书籍",
        "surfacePicture": "https://tanhua-zxm.oss-cn-hangzhou.aliyuncs.com/%E5%B0%8F%E7%BA%A2%E4%B9%A6/%E7%AC%94%E8%AE%B0/%E4%B9%A6%E7%B1%8D/%E8%A7%86%E9%A2%91/12/%E5%B0%81%E9%9D%A2.png",
        "praisenum": 577,
        "collectionnum": 346,
        "deleted": 0
      },
      "user": {
        "created": "2023-04-25T11:41:05.000+00:00",
        "updated": null,
        "id": 29,
        "username": "雅雅饿了",
        "password": "123456",
        "phone": "12345678910",
        "headphoto": "https://tanhua-zxm.oss-cn-hangzhou.aliyuncs.com/%E5%B0%8F%E7%BA%A2%E4%B9%A6/%E5%A4%B4%E5%83%8F/%E7%94%A8%E6%88%B7%E5%A4%B4%E5%83%8F/45.jpg",
        "gender": 1,
        "age": 35,
        "introduction": "无",
        "userType": "normal"
      }
    }
  ]
}