{"data":[
    {
      "note": {
        "created": "2023-04-25T12:14:30.000+00:00",
        "updated": "2023-04-29T03:49:38.000+00:00",
        "id": 1,
        "userId": 1,
        "username": "xm",
        "title": "趁天还没热再来叠穿下",
        "content": "不然就来不及了",
        "tag": "推荐",
        "surfacePicture": "https://tanhua-zxm.oss-cn-hangzhou.aliyuncs.com/%E5%B0%8F%E7%BA%A2%E4%B9%A6/%E7%AC%94%E8%AE%B0/%E6%8E%A8%E8%8D%90/%E8%A7%86%E9%A2%91/1/%E5%B0%81%E9%9D%A2.png",
        "praisenum": 34244,
        "deleted": 0
      },
      "user": {
        "created": "2023-04-24T12:22:55.000+00:00",
        "updated": "2023-05-04T07:17:47.000+00:00",
        "id": 1,
        "username": "xm",
        "password": "123456",
        "phone": "13850429386",
        "headphoto": "https://tanhua-zxm.oss-cn-hangzhou.aliyuncs.com/%E5%B0%8F%E7%BA%A2%E4%B9%A6/%E5%A4%B4%E5%83%8F/%E7%94%A8%E6%88%B7%E5%A4%B4%E5%83%8F/4.jpg",
        "gender": 1,
        "age": 22,
        "introduction": "无"
      }
    },
    {
      "note": {
        "created": "2023-04-25T12:14:30.000+00:00",
        "updated": "2023-04-25T12:14:30.000+00:00",
        "id": 9,
        "userId": 8,
        "username": "吴",
        "title": "Tequila Sunrise",
        "content": "夏天就是积攒美好回忆的",
        "tag": "推荐",
        "surfacePicture": "https://tanhua-zxm.oss-cn-hangzhou.aliyuncs.com/%E5%B0%8F%E7%BA%A2%E4%B9%A6/%E7%AC%94%E8%AE%B0/%E6%8E%A8%E8%8D%90/%E5%9B%BE%E7%89%87/6/270ca884eb1950ec1a652ca3765ba4f.png",
        "praisenum": 3333,
        "deleted": 0
      },
      "user": {
        "created": "2023-04-25T11:40:21.000+00:00",
        "updated": "2023-04-25T11:40:23.000+00:00",
        "id": 8,
        "username": "吴",
        "password": "123456",
        "phone": "12345678910",
        "headphoto": "https://tanhua-zxm.oss-cn-hangzhou.aliyuncs.com/%E5%B0%8F%E7%BA%A2%E4%B9%A6/%E5%A4%B4%E5%83%8F/%E7%94%A8%E6%88%B7%E5%A4%B4%E5%83%8F/22.jpg",
        "gender": 1,
        "age": 14,
        "introduction": "无"
      }
    },
    {
      "note": {
        "created": "2023-04-25T12:14:30.000+00:00",
        "updated": "2023-04-25T12:14:30.000+00:00",
        "id": 18,
        "userId": 14,
        "username": "JezZzZ",
        "title": "重庆什么天气啊一会儿冷一会儿热",
        "content": "六天课 杀了我",
        "tag": "穿搭",
        "surfacePicture": "https://tanhua-zxm.oss-cn-hangzhou.aliyuncs.com/%E5%B0%8F%E7%BA%A2%E4%B9%A6/%E7%AC%94%E8%AE%B0/%E7%A9%BF%E6%90%AD/%E5%9B%BE%E7%89%87/5/0733f8d4665325bc729dcae05a3de51.png",
        "praisenum": 667,
        "deleted": 0
      },
      "user": {
        "created": "2023-04-25T11:40:38.000+00:00",
        "updated": null,
        "id": 14,
        "username": "JezZzZ",
        "password": "123456",
        "phone": "12345678910",
        "headphoto": "https://tanhua-zxm.oss-cn-hangzhou.aliyuncs.com/%E5%B0%8F%E7%BA%A2%E4%B9%A6/%E5%A4%B4%E5%83%8F/%E7%94%A8%E6%88%B7%E5%A4%B4%E5%83%8F/29.jpg",
        "gender": 1,
        "age": 20,
        "introduction": "无"
      }
    },
    {
      "note": {
        "created": "2023-04-25T12:14:30.000+00:00",
        "updated": "2023-04-25T12:14:30.000+00:00",
        "id": 22,
        "userId": 18,
        "username": "苏沫",
        "title": "这个夏天总要去一趟屏山吧",
        "content": "国风",
        "tag": "旅行",
        "surfacePicture": "https://tanhua-zxm.oss-cn-hangzhou.aliyuncs.com/%E5%B0%8F%E7%BA%A2%E4%B9%A6/%E7%AC%94%E8%AE%B0/%E6%97%85%E8%A1%8C/%E8%A7%86%E9%A2%91/2/9.png",
        "praisenum": 8999,
        "deleted": 0
      },
      "user": {
        "created": "2023-04-25T11:40:49.000+00:00",
        "updated": null,
        "id": 18,
        "username": "苏沫",
        "password": "123456",
        "phone": "12345678910",
        "headphoto": "https://tanhua-zxm.oss-cn-hangzhou.aliyuncs.com/%E5%B0%8F%E7%BA%A2%E4%B9%A6/%E5%A4%B4%E5%83%8F/%E7%94%A8%E6%88%B7%E5%A4%B4%E5%83%8F/34.jpg",
        "gender": 1,
        "age": 24,
        "introduction": "无"
      }
    },
    {
      "note": {
        "created": "2023-04-25T12:14:30.000+00:00",
        "updated": "2023-04-29T07:54:06.000+00:00",
        "id": 25,
        "userId": 1,
        "username": "xm",
        "title": "上海City walk 陆家嘴",
        "content": "陆家嘴网红三件套云朵书店震旦博物馆浦东美术馆东方明珠\r\n全程步行：3km，需要花费一天时间 7-8H\r\n路线包括：拍照+博物馆+艺术展+东方明珠\r\n沿途风景：很多地标性建筑，只要来上海必走路线，相比外滩人山人海，陆家嘴不拥挤的美景更值得",
        "tag": "旅行",
        "surfacePicture": "https://tanhua-zxm.oss-cn-hangzhou.aliyuncs.com/%E5%B0%8F%E7%BA%A2%E4%B9%A6/%E7%AC%94%E8%AE%B0/%E6%97%85%E8%A1%8C/%E5%9B%BE%E7%89%87/2/29e232bd30e6b22787a7351a0126e95.png",
        "praisenum": 7864,
        "deleted": 0
      },
      "user": {
        "created": "2023-04-24T12:22:55.000+00:00",
        "updated": "2023-05-04T07:17:47.000+00:00",
        "id": 1,
        "username": "xm",
        "password": "123456",
        "phone": "13850429386",
        "headphoto": "https://tanhua-zxm.oss-cn-hangzhou.aliyuncs.com/%E5%B0%8F%E7%BA%A2%E4%B9%A6/%E5%A4%B4%E5%83%8F/%E7%94%A8%E6%88%B7%E5%A4%B4%E5%83%8F/4.jpg",
        "gender": 1,
        "age": 22,
        "introduction": "无"
      }
    },
    {
      "note": {
        "created": "2023-04-25T12:14:30.000+00:00",
        "updated": "2023-04-25T12:14:30.000+00:00",
        "id": 29,
        "userId": 22,
        "username": "Pentaki",
        "title": "坐落在澳洲深处的宇宙之镜",
        "content": "夜幕降临，星空如诗如画地铺陈在头顶。天空之镜犹如一个宇宙之镜，将璀璨星辰、浩渺银河倒映其中，这一刻，仿佛成为了天地间独一无二的旅者。仰望星空，感受到宇宙的浩瀚无垠；俯瞰盐湖，能触摸到星辰的温度。",
        "tag": "旅行",
        "surfacePicture": "https://tanhua-zxm.oss-cn-hangzhou.aliyuncs.com/%E5%B0%8F%E7%BA%A2%E4%B9%A6/%E7%AC%94%E8%AE%B0/%E6%97%85%E8%A1%8C/%E5%9B%BE%E7%89%87/6/12cba05802734b7dbdd3d59d1c1dd93.png",
        "praisenum": 4572,
        "deleted": 0
      },
      "user": {
        "created": "2023-04-25T11:40:56.000+00:00",
        "updated": null,
        "id": 22,
        "username": "Pentaki",
        "password": "123456",
        "phone": "12345678910",
        "headphoto": "https://tanhua-zxm.oss-cn-hangzhou.aliyuncs.com/%E5%B0%8F%E7%BA%A2%E4%B9%A6/%E5%A4%B4%E5%83%8F/%E7%94%A8%E6%88%B7%E5%A4%B4%E5%83%8F/38.jpg",
        "gender": 1,
        "age": 28,
        "introduction": "无"
      }
    },
    {
      "note": {
        "created": "2023-04-25T12:14:30.000+00:00",
        "updated": "2023-04-25T12:14:30.000+00:00",
        "id": 32,
        "userId": 25,
        "username": "热爱生活的黄同学",
        "title": "春天不让女朋友出去浪的方法就是给她吃",
        "content": "给嘴馋的女朋友做了口水鸡，麻辣鲜香，肉嫩味美，还有外酥里嫩的椒盐虾仁，配上一锅荷包蛋焖面美滋滋    ",
        "tag": "美食",
        "surfacePicture": "https://tanhua-zxm.oss-cn-hangzhou.aliyuncs.com/%E5%B0%8F%E7%BA%A2%E4%B9%A6/%E7%AC%94%E8%AE%B0/%E7%BE%8E%E9%A3%9F/%E8%A7%86%E9%A2%91/2/%E5%B0%81%E9%9D%A2.png",
        "praisenum": 4578,
        "deleted": 0
      },
      "user": {
        "created": "2023-04-25T11:41:01.000+00:00",
        "updated": null,
        "id": 25,
        "username": "热爱生活的黄同学",
        "password": "123456",
        "phone": "12345678910",
        "headphoto": "https://tanhua-zxm.oss-cn-hangzhou.aliyuncs.com/%E5%B0%8F%E7%BA%A2%E4%B9%A6/%E5%A4%B4%E5%83%8F/%E7%94%A8%E6%88%B7%E5%A4%B4%E5%83%8F/40.jpg",
        "gender": 1,
        "age": 31,
        "introduction": "无"
      }
    },
    {
      "note": {
        "created": "2023-04-25T12:14:30.000+00:00",
        "updated": "2023-04-25T12:14:30.000+00:00",
        "id": 34,
        "userId": 27,
        "username": "椰汁波波",
        "title": "我爸尝了一口…让我原地开店",
        "content": "这个酸辣凉面真的泰适合夏天啦",
        "tag": "美食",
        "surfacePicture": "https://tanhua-zxm.oss-cn-hangzhou.aliyuncs.com/%E5%B0%8F%E7%BA%A2%E4%B9%A6/%E7%AC%94%E8%AE%B0/%E7%BE%8E%E9%A3%9F/%E5%9B%BE%E7%89%87/1/7f67277bf4753e3bce4491a6d0ac22d.png",
        "praisenum": 6565,
        "deleted": 0
      },
      "user": {
        "created": "2023-04-25T11:41:03.000+00:00",
        "updated": null,
        "id": 27,
        "username": "椰汁波波",
        "password": "123456",
        "phone": "12345678910",
        "headphoto": "https://tanhua-zxm.oss-cn-hangzhou.aliyuncs.com/%E5%B0%8F%E7%BA%A2%E4%B9%A6/%E5%A4%B4%E5%83%8F/%E7%94%A8%E6%88%B7%E5%A4%B4%E5%83%8F/42.jpg",
        "gender": 0,
        "age": 33,
        "introduction": "无"
      }
    },
    {
      "note": {
        "created": "2023-04-25T12:14:30.000+00:00",
        "updated": "2023-04-25T12:14:30.000+00:00",
        "id": 36,
        "userId": 29,
        "username": "雅雅饿了",
        "title": "奶奶传下来的配方，自制阿达子好吃绝了",
        "content": "手工阿达子真的太好吃啦，晶莹剔透、Q Q弹弹超级有嚼劲、Q弹爽口，糯叽叽比珍珠还好吃，夏天必备哦！！！",
        "tag": "美食",
        "surfacePicture": "https://tanhua-zxm.oss-cn-hangzhou.aliyuncs.com/%E5%B0%8F%E7%BA%A2%E4%B9%A6/%E7%AC%94%E8%AE%B0/%E7%BE%8E%E9%A3%9F/%E5%9B%BE%E7%89%87/3/1f31c8eeb972627a42bad21445ad0ce.png",
        "praisenum": 345,
        "deleted": 0
      },
      "user": {
        "created": "2023-04-25T11:41:05.000+00:00",
        "updated": null,
        "id": 29,
        "username": "雅雅饿了",
        "password": "123456",
        "phone": "12345678910",
        "headphoto": "https://tanhua-zxm.oss-cn-hangzhou.aliyuncs.com/%E5%B0%8F%E7%BA%A2%E4%B9%A6/%E5%A4%B4%E5%83%8F/%E7%94%A8%E6%88%B7%E5%A4%B4%E5%83%8F/45.jpg",
        "gender": 1,
        "age": 35,
        "introduction": "无"
      }
    },
    {
      "note": {
        "created": "2023-04-25T12:14:30.000+00:00",
        "updated": "2023-04-29T03:45:09.000+00:00",
        "id": 40,
        "userId": 1,
        "username": "xm",
        "title": "今天喝19.9，的椰奶星冰乐",
        "content": "星巴克奶油星冰乐换巴旦木奶，椰浆，可可碎片",
        "tag": "美食",
        "surfacePicture": "https://tanhua-zxm.oss-cn-hangzhou.aliyuncs.com/%E5%B0%8F%E7%BA%A2%E4%B9%A6/%E7%AC%94%E8%AE%B0/%E7%BE%8E%E9%A3%9F/%E5%9B%BE%E7%89%87/7/ab53ff3630fb1cec529500bf4f518c2.png",
        "praisenum": 654,
        "deleted": 0
      },
      "user": {
        "created": "2023-04-24T12:22:55.000+00:00",
        "updated": "2023-05-04T07:17:47.000+00:00",
        "id": 1,
        "username": "xm",
        "password": "123456",
        "phone": "13850429386",
        "headphoto": "https://tanhua-zxm.oss-cn-hangzhou.aliyuncs.com/%E5%B0%8F%E7%BA%A2%E4%B9%A6/%E5%A4%B4%E5%83%8F/%E7%94%A8%E6%88%B7%E5%A4%B4%E5%83%8F/4.jpg",
        "gender": 1,
        "age": 22,
        "introduction": "无"
      }
    },
    {
      "note": {
        "created": "2023-04-25T12:14:30.000+00:00",
        "updated": "2023-04-25T12:14:30.000+00:00",
        "id": 44,
        "userId": 34,
        "username": "阿棒的觅食计划",
        "title": "愿每个去长沙的人都能刷到",
        "content": "马上五一假期了，好多朋友来长沙旅游！作为在长沙学习生活7年的土著，给大家整理了「2天1夜的自由行线路攻略」，有需要的宝子可以参考我的行程哦！一点不会踩雷！",
        "tag": "其它",
        "surfacePicture": "https://tanhua-zxm.oss-cn-hangzhou.aliyuncs.com/%E5%B0%8F%E7%BA%A2%E4%B9%A6/%E7%AC%94%E8%AE%B0/%E5%85%B6%E5%AE%83/%E5%9B%BE%E7%89%87/1/0e4e98e85cac442efe792e7a7330a88.png",
        "praisenum": 673,
        "deleted": 0
      },
      "user": {
        "created": "2023-04-25T11:41:09.000+00:00",
        "updated": null,
        "id": 34,
        "username": "阿棒的觅食计划",
        "password": "123456",
        "phone": "12345678910",
        "headphoto": "https://tanhua-zxm.oss-cn-hangzhou.aliyuncs.com/%E5%B0%8F%E7%BA%A2%E4%B9%A6/%E5%A4%B4%E5%83%8F/%E7%94%A8%E6%88%B7%E5%A4%B4%E5%83%8F/50.jpg",
        "gender": 1,
        "age": 40,
        "introduction": "无"
      }
    },
    {
      "note": {
        "created": "2023-04-25T12:14:30.000+00:00",
        "updated": "2023-04-25T12:14:30.000+00:00",
        "id": 46,
        "userId": 36,
        "username": "Maxxx",
        "title": "釜山行",
        "content": "咱们去釜山尊的是去拍釜山行3的 落地大暴雨\r\n天气巨差 釜山的食物店把犬妹气哭",
        "tag": "其它",
        "surfacePicture": "https://tanhua-zxm.oss-cn-hangzhou.aliyuncs.com/%E5%B0%8F%E7%BA%A2%E4%B9%A6/%E7%AC%94%E8%AE%B0/%E5%85%B6%E5%AE%83/%E5%9B%BE%E7%89%87/3/12a4b2452df24057d083211955eafd0.png",
        "praisenum": 457,
        "deleted": 0
      },
      "user": {
        "created": "2023-04-25T11:41:11.000+00:00",
        "updated": null,
        "id": 36,
        "username": "Maxxx",
        "password": "123456",
        "phone": "12345678910",
        "headphoto": "https://tanhua-zxm.oss-cn-hangzhou.aliyuncs.com/%E5%B0%8F%E7%BA%A2%E4%B9%A6/%E5%A4%B4%E5%83%8F/%E7%94%A8%E6%88%B7%E5%A4%B4%E5%83%8F/11.jpg",
        "gender": 0,
        "age": 42,
        "introduction": "无"
      }
    }
  ]}