{
  "created": null,
  "updated": null,
  "noteId": 15,
  "username": "xm",
  "content": "看到自己在商场里啦！开心嘿嘿",
  "comment": [
    {
      "created": "2023-04-25T12:19:49.000+00:00",
      "updated": null,
      "id": null,
      "userId": null,
      "noteId": null,
      "comment": "小高宝宝爬树中",
      "username": "驰名",
      "deleted": null,
      "headphoto": "https://tanhua-zxm.oss-cn-hangzhou.aliyuncs.com/%E5%B0%8F%E7%BA%A2%E4%B9%A6/%E5%A4%B4%E5%83%8F/%E7%94%A8%E6%88%B7%E5%A4%B4%E5%83%8F/4.jpg"
    },
    {
      "created": "2023-04-25T12:19:49.000+00:00",
      "updated": null,
      "id": null,
      "userId": null,
      "noteId": null,
      "comment": "小羔春游日记",
      "username": "热爱生活的黄同学",
      "deleted": null,
      "headphoto": "https://tanhua-zxm.oss-cn-hangzhou.aliyuncs.com/%E5%B0%8F%E7%BA%A2%E4%B9%A6/%E5%A4%B4%E5%83%8F/%E7%94%A8%E6%88%B7%E5%A4%B4%E5%83%8F/40.jpg"
    }
  ],
  "pictureurl": [
    "https://tanhua-zxm.oss-cn-hangzhou.aliyuncs.com/%E5%B0%8F%E7%BA%A2%E4%B9%A6/%E7%AC%94%E8%AE%B0/%E7%A9%BF%E6%90%AD/%E5%9B%BE%E7%89%87/2/5.png",
    "https://tanhua-zxm.oss-cn-hangzhou.aliyuncs.com/%E5%B0%8F%E7%BA%A2%E4%B9%A6/%E7%AC%94%E8%AE%B0/%E7%A9%BF%E6%90%AD/%E5%9B%BE%E7%89%87/2/5ec2fe46f780a137a1b88f7ed666124.png"
  ],
  "videourl": null,
  "tag": "穿搭",
  "headphoto": "https://tanhua-zxm.oss-cn-hangzhou.aliyuncs.com/%E5%B0%8F%E7%BA%A2%E4%B9%A6/%E5%A4%B4%E5%83%8F/%E7%94%A8%E6%88%B7%E5%A4%B4%E5%83%8F/4.jpg",
  "title": "小高最近 ",
  "collectionnum": 7898,
  "praiseNum": 6433
}