{"data": {
  "tableDataVos": [
    {
      "name": "销售金额",
      "data": [
        853.38,
        3390,
        101.96,
        53.2,
        3332
      ]
    },
    {
      "name": "返利金额",
      "data": [
        181.91,
        1007,
        31.63,
        7.79,
        686.4
      ]
    },
    {
      "name": "返利率",
      "data": [
        0.21,
        0.3,
        0.31,
        0.15,
        0.21
      ]
    }
  ],
  "xaxis": [
    "01",
    "02",
    "03",
    "04",
    "05",
    "06",
    "07",
    "08",
    "09",
    "10",
    "11",
    "12"
  ],
  "yaxisRight": [
    0.1,
    0.2,
    0.3,
    0.4,
    0.5,
    0.6,
    0.7,
    0.8,
    0.9,
    1
  ],
  "yaxisLeft": [
    500,
    1000,
    1500,
    2000,
    2500,
    3000,
    3500
  ]
}}